"","rho","sim","Rmax","stanfile","inclusion","key","rho2.5","rho50","rho97.5","theta2.5","theta50","theta97.5"
"1",0.25,1,1.23,"models/simple_multinomial_uniformdisprior.stan","all","multinomial_notheta",1.25642052685949,1.75591212398653,2.87043699618219,NA,NA,NA
"2",0.375,1,1.23,"models/simple_multinomial_uniformdisprior.stan","all","multinomial_notheta",1.43406803821762,2.06075442413399,3.45367392055215,NA,NA,NA
"3",0.5,1,1.23,"models/simple_multinomial_uniformdisprior.stan","all","multinomial_notheta",1.4381267854217,2.01640932758791,3.28838252843615,NA,NA,NA
"4",0.625,1,1.23,"models/simple_multinomial_uniformdisprior.stan","all","multinomial_notheta",1.58740759226682,2.26921392258597,3.90771003895859,NA,NA,NA
"5",0.75,1,1.23,"models/simple_multinomial_uniformdisprior.stan","all","multinomial_notheta",1.64588606930998,2.39113319721795,4.06497598356413,NA,NA,NA
"6",0.25,2,1.23,"models/simple_multinomial_uniformdisprior.stan","all","multinomial_notheta",1.2415183931837,1.68723551850336,2.68554294391076,NA,NA,NA
"7",0.375,2,1.23,"models/simple_multinomial_uniformdisprior.stan","all","multinomial_notheta",1.10776216071301,1.44342528115847,2.15048646982613,NA,NA,NA
"8",0.5,2,1.23,"models/simple_multinomial_uniformdisprior.stan","all","multinomial_notheta",1.63153987320543,2.41992811734745,4.13911481518738,NA,NA,NA
"9",0.625,2,1.23,"models/simple_multinomial_uniformdisprior.stan","all","multinomial_notheta",1.59882720819218,2.2965149720049,3.82577589055106,NA,NA,NA
"10",0.75,2,1.23,"models/simple_multinomial_uniformdisprior.stan","all","multinomial_notheta",1.51037235172122,2.12210190984638,3.53896507228492,NA,NA,NA
"11",0.25,3,1.23,"models/simple_multinomial_uniformdisprior.stan","all","multinomial_notheta",1.41884319466978,2.01594842813245,3.41104941074141,NA,NA,NA
"12",0.375,3,1.23,"models/simple_multinomial_uniformdisprior.stan","all","multinomial_notheta",1.3858527105408,1.98334137216206,3.25093556932791,NA,NA,NA
"13",0.5,3,1.23,"models/simple_multinomial_uniformdisprior.stan","all","multinomial_notheta",1.32051289042566,1.80305999303403,2.89183286265893,NA,NA,NA
"14",0.625,3,1.23,"models/simple_multinomial_uniformdisprior.stan","all","multinomial_notheta",1.23558881303746,1.66173527097266,2.7170270067348,NA,NA,NA
"15",0.75,3,1.23,"models/simple_multinomial_uniformdisprior.stan","all","multinomial_notheta",1.51343099932162,2.11829592006681,3.40826303803493,NA,NA,NA
"16",0.25,1,2.68,"models/simple_multinomial_uniformdisprior.stan","all","multinomial_notheta",0.268933206601152,0.28143126411256,0.295169686465497,NA,NA,NA
"17",0.375,1,2.68,"models/simple_multinomial_uniformdisprior.stan","all","multinomial_notheta",0.389980703086225,0.409912324172955,0.431321249610569,NA,NA,NA
"18",0.5,1,2.68,"models/simple_multinomial_uniformdisprior.stan","all","multinomial_notheta",0.520188722355839,0.551503658150747,0.586270524236846,NA,NA,NA
"19",0.625,1,2.68,"models/simple_multinomial_uniformdisprior.stan","all","multinomial_notheta",0.584223531862198,0.62522330141366,0.671895131648379,NA,NA,NA
"20",0.75,1,2.68,"models/simple_multinomial_uniformdisprior.stan","all","multinomial_notheta",0.683180699427401,0.745256529033044,0.819422051490071,NA,NA,NA
"21",0.25,2,2.68,"models/simple_multinomial_uniformdisprior.stan","all","multinomial_notheta",0.266645043462368,0.280018091798317,0.293752515252895,NA,NA,NA
"22",0.375,2,2.68,"models/simple_multinomial_uniformdisprior.stan","all","multinomial_notheta",0.401631793081721,0.422397427486431,0.445914969924452,NA,NA,NA
"23",0.5,2,2.68,"models/simple_multinomial_uniformdisprior.stan","all","multinomial_notheta",0.511743019776113,0.545033300593701,0.581929807832647,NA,NA,NA
"24",0.625,2,2.68,"models/simple_multinomial_uniformdisprior.stan","all","multinomial_notheta",0.60044236502473,0.643685969918303,0.697573633673949,NA,NA,NA
"25",0.75,2,2.68,"models/simple_multinomial_uniformdisprior.stan","all","multinomial_notheta",0.663844550217268,0.725194313701331,0.805614070076914,NA,NA,NA
"26",0.25,3,2.68,"models/simple_multinomial_uniformdisprior.stan","all","multinomial_notheta",0.277325154866832,0.290412399774311,0.304360593658187,NA,NA,NA
"27",0.375,3,2.68,"models/simple_multinomial_uniformdisprior.stan","all","multinomial_notheta",0.404649160260069,0.425174532048167,0.447515574109055,NA,NA,NA
"28",0.5,3,2.68,"models/simple_multinomial_uniformdisprior.stan","all","multinomial_notheta",0.520450715755993,0.553560385725796,0.591817401334203,NA,NA,NA
"29",0.625,3,2.68,"models/simple_multinomial_uniformdisprior.stan","all","multinomial_notheta",0.617458482363209,0.662334490990354,0.717673473055015,NA,NA,NA
"30",0.75,3,2.68,"models/simple_multinomial_uniformdisprior.stan","all","multinomial_notheta",0.728706917232568,0.805099451820376,0.90934433114404,NA,NA,NA
"31",0.25,1,4.14,"models/simple_multinomial_uniformdisprior.stan","all","multinomial_notheta",0.471023949381633,0.49546525323034,0.522859279494093,NA,NA,NA
"32",0.375,1,4.14,"models/simple_multinomial_uniformdisprior.stan","all","multinomial_notheta",0.64339976151865,0.678200461403881,0.713973419644242,NA,NA,NA
"33",0.5,1,4.14,"models/simple_multinomial_uniformdisprior.stan","all","multinomial_notheta",0.827674588562874,0.874200357448224,0.925386286141916,NA,NA,NA
"34",0.625,1,4.14,"models/simple_multinomial_uniformdisprior.stan","all","multinomial_notheta",0.888182482838968,0.947662693429853,1.0166577247966,NA,NA,NA
"35",0.75,1,4.14,"models/simple_multinomial_uniformdisprior.stan","all","multinomial_notheta",1.00268808677099,1.08159546345154,1.1777849853499,NA,NA,NA
"36",0.25,2,4.14,"models/simple_multinomial_uniformdisprior.stan","all","multinomial_notheta",0.46680385121295,0.492293436945036,0.518981765762216,NA,NA,NA
"37",0.375,2,4.14,"models/simple_multinomial_uniformdisprior.stan","all","multinomial_notheta",0.674496614202634,0.710685442278137,0.749562506437919,NA,NA,NA
"38",0.5,2,4.14,"models/simple_multinomial_uniformdisprior.stan","all","multinomial_notheta",0.79990558724947,0.845717895905472,0.894941852146478,NA,NA,NA
"39",0.625,2,4.14,"models/simple_multinomial_uniformdisprior.stan","all","multinomial_notheta",0.917978669275614,0.983031793031152,1.06108994457181,NA,NA,NA
"40",0.75,2,4.14,"models/simple_multinomial_uniformdisprior.stan","all","multinomial_notheta",1.00428880983146,1.0910122168079,1.20150533113029,NA,NA,NA
"41",0.25,3,4.14,"models/simple_multinomial_uniformdisprior.stan","all","multinomial_notheta",0.477355707793135,0.503093196494302,0.530123969953374,NA,NA,NA
"42",0.375,3,4.14,"models/simple_multinomial_uniformdisprior.stan","all","multinomial_notheta",0.655256950275303,0.68827953664598,0.726266621963199,NA,NA,NA
"43",0.5,3,4.14,"models/simple_multinomial_uniformdisprior.stan","all","multinomial_notheta",0.822973220089108,0.87379408264113,0.92703187881034,NA,NA,NA
"44",0.625,3,4.14,"models/simple_multinomial_uniformdisprior.stan","all","multinomial_notheta",0.94668830526572,1.0139402199327,1.09863108490634,NA,NA,NA
"45",0.75,3,4.14,"models/simple_multinomial_uniformdisprior.stan","all","multinomial_notheta",1.06538857736965,1.15983708267023,1.29414508045143,NA,NA,NA
"46",0.25,1,1.23,"models/simple_multinomial_uniformdisprior_floral.stan","all","multinomial_theta",1.64750937674249,2.29218776486423,3.7450537824456,0.468266163186562,0.514390811852534,0.56276614343991
"47",0.375,1,1.23,"models/simple_multinomial_uniformdisprior_floral.stan","all","multinomial_theta",1.68586767780832,2.35377274739306,3.88194909643078,0.437011776989933,0.484746010278175,0.533188373447559
"48",0.5,1,1.23,"models/simple_multinomial_uniformdisprior_floral.stan","all","multinomial_theta",1.94904497562628,2.74960255655755,4.55363284195882,0.420754927872709,0.469313932722329,0.516834205002814
"49",0.625,1,1.23,"models/simple_multinomial_uniformdisprior_floral.stan","all","multinomial_theta",1.76207833616318,2.45519675420224,3.94847159528752,0.492860907288629,0.543054933690801,0.59097225077379
"50",0.75,1,1.23,"models/simple_multinomial_uniformdisprior_floral.stan","all","multinomial_theta",1.64693955001726,2.25978252070539,3.51573929257334,0.475986056704723,0.522548299742502,0.570128361004256
"51",0.25,2,1.23,"models/simple_multinomial_uniformdisprior_floral.stan","all","multinomial_theta",1.46890437392717,1.98412015885792,3.16402384465621,0.410282013200761,0.465667941718334,0.52060697835239
"52",0.375,2,1.23,"models/simple_multinomial_uniformdisprior_floral.stan","all","multinomial_theta",1.63131441920202,2.28584669705088,3.76231957456189,0.431148458839995,0.477023617815303,0.525430048382921
"53",0.5,2,1.23,"models/simple_multinomial_uniformdisprior_floral.stan","all","multinomial_theta",1.89238920231733,2.69985347465381,4.48292266545882,0.463845899249221,0.512320459924633,0.560041324022257
"54",0.625,2,1.23,"models/simple_multinomial_uniformdisprior_floral.stan","all","multinomial_theta",2.02281104146275,2.84656832576269,4.51809475180136,0.423169261442482,0.471812604089396,0.52212067894511
"55",0.75,2,1.23,"models/simple_multinomial_uniformdisprior_floral.stan","all","multinomial_theta",1.71369836116601,2.36908684246194,3.78961064965382,0.397088888543888,0.44843988022417,0.499112681667896
"56",0.25,3,1.23,"models/simple_multinomial_uniformdisprior_floral.stan","all","multinomial_theta",1.65884780935793,2.22560969152017,3.51414302121492,0.471635524843198,0.518459328910519,0.566072802587094
"57",0.375,3,1.23,"models/simple_multinomial_uniformdisprior_floral.stan","all","multinomial_theta",1.74415497033255,2.45472152458138,4.10875194752691,0.497584982763705,0.547670537482066,0.597815854200522
"58",0.5,3,1.23,"models/simple_multinomial_uniformdisprior_floral.stan","all","multinomial_theta",1.57235956228405,2.11960337253036,3.35859763856354,0.457801557927865,0.50060595093977,0.540868550315688
"59",0.625,3,1.23,"models/simple_multinomial_uniformdisprior_floral.stan","all","multinomial_theta",1.65403928880448,2.28883638033883,3.74229106046421,0.442806516330255,0.489421522364865,0.532886461403107
"60",0.75,3,1.23,"models/simple_multinomial_uniformdisprior_floral.stan","all","multinomial_theta",1.67503408882172,2.25105402724495,3.54696337976226,0.429654045746823,0.475258900180024,0.523678983881523
"61",0.25,1,2.68,"models/simple_multinomial_uniformdisprior_floral.stan","all","multinomial_theta",0.274542522264513,0.28835222990369,0.303526077740616,0.484002486074989,0.545625192367679,0.609756129318601
"62",0.375,1,2.68,"models/simple_multinomial_uniformdisprior_floral.stan","all","multinomial_theta",0.399618051121738,0.419130524984733,0.439637052398418,0.470863112483287,0.522973439903476,0.572675772289482
"63",0.5,1,2.68,"models/simple_multinomial_uniformdisprior_floral.stan","all","multinomial_theta",0.520903895674209,0.552272100290155,0.585645546910462,0.438311589798514,0.487737570418525,0.539010644962342
"64",0.625,1,2.68,"models/simple_multinomial_uniformdisprior_floral.stan","all","multinomial_theta",0.588984784471741,0.631322657022244,0.684175247322165,0.502756053979379,0.556313005730915,0.610081961506214
"65",0.75,1,2.68,"models/simple_multinomial_uniformdisprior_floral.stan","all","multinomial_theta",0.700196083753421,0.762155066734532,0.850146402616002,0.486069388142026,0.536571609607541,0.587920789968915
"66",0.25,2,2.68,"models/simple_multinomial_uniformdisprior_floral.stan","all","multinomial_theta",0.270815306047812,0.284526565495213,0.299313887822837,0.437423237665278,0.508746692960269,0.582335098548862
"67",0.375,2,2.68,"models/simple_multinomial_uniformdisprior_floral.stan","all","multinomial_theta",0.412133765979809,0.433847691641756,0.457632240831358,0.44174346338068,0.494724994921761,0.54789470335614
"68",0.5,2,2.68,"models/simple_multinomial_uniformdisprior_floral.stan","all","multinomial_theta",0.520874687692267,0.554872218602885,0.59245974895002,0.471944982812638,0.525442635315513,0.57633077516188
"69",0.625,2,2.68,"models/simple_multinomial_uniformdisprior_floral.stan","all","multinomial_theta",0.596704957050861,0.639962128704163,0.692026414294476,0.435226216668662,0.485506438467067,0.536237826187925
"70",0.75,2,2.68,"models/simple_multinomial_uniformdisprior_floral.stan","all","multinomial_theta",0.663352195669872,0.720406899691293,0.793463892113215,0.414417339792893,0.463111138789293,0.511434473921473
"71",0.25,3,2.68,"models/simple_multinomial_uniformdisprior_floral.stan","all","multinomial_theta",0.281807833179802,0.295756272466915,0.310573033657777,0.507991707725725,0.568697383366331,0.629557054988055
"72",0.375,3,2.68,"models/simple_multinomial_uniformdisprior_floral.stan","all","multinomial_theta",0.41234988433636,0.433528075238887,0.456636735433115,0.526795161867922,0.584540876221092,0.646943722701656
"73",0.5,3,2.68,"models/simple_multinomial_uniformdisprior_floral.stan","all","multinomial_theta",0.527773362393274,0.560392579903058,0.596860491981143,0.480139180021175,0.527820014958438,0.576025486375841
"74",0.625,3,2.68,"models/simple_multinomial_uniformdisprior_floral.stan","all","multinomial_theta",0.626449834221612,0.672662815484664,0.729080385946264,0.44717002533602,0.494269188030647,0.54232132247434
"75",0.75,3,2.68,"models/simple_multinomial_uniformdisprior_floral.stan","all","multinomial_theta",0.73286740596197,0.816420490389056,0.945589193044894,0.437593163565358,0.488904713703308,0.540898829050663
"76",0.25,1,4.14,"models/simple_multinomial_uniformdisprior_floral.stan","all","multinomial_theta",0.505708679977167,0.535736053827563,0.566564610434292,0.538838993509467,0.633529801669389,0.73659850813439
"77",0.375,1,4.14,"models/simple_multinomial_uniformdisprior_floral.stan","all","multinomial_theta",0.703556504070092,0.742802670408108,0.784658228922382,0.465185593442943,0.524300061378285,0.585834668139438
"78",0.5,1,4.14,"models/simple_multinomial_uniformdisprior_floral.stan","all","multinomial_theta",0.871503929518902,0.917808281052889,0.969400209617391,0.456252602842504,0.509277153186427,0.562390925521246
"79",0.625,1,4.14,"models/simple_multinomial_uniformdisprior_floral.stan","all","multinomial_theta",0.959498127673224,1.01751275324442,1.08686326708569,0.498847072830894,0.549275342260127,0.600442800249664
"80",0.75,1,4.14,"models/simple_multinomial_uniformdisprior_floral.stan","all","multinomial_theta",1.07976910370994,1.16285278889055,1.26885068427944,0.472890805265495,0.522743564326563,0.573120459206461
"81",0.25,2,4.14,"models/simple_multinomial_uniformdisprior_floral.stan","all","multinomial_theta",0.493876558232632,0.522901959457701,0.555213513994128,0.437608007393652,0.544579447166297,0.654504254991446
"82",0.375,2,4.14,"models/simple_multinomial_uniformdisprior_floral.stan","all","multinomial_theta",0.72840930378281,0.766592021669097,0.810420275445038,0.487164368394105,0.54628897763854,0.609391985644383
"83",0.5,2,4.14,"models/simple_multinomial_uniformdisprior_floral.stan","all","multinomial_theta",0.866916619261249,0.918217214608704,0.974250839109685,0.458167080060485,0.508117829576161,0.561475376742275
"84",0.625,2,4.14,"models/simple_multinomial_uniformdisprior_floral.stan","all","multinomial_theta",0.954663146000178,1.01503204854392,1.08514543147346,0.436637226295477,0.483505886069751,0.532922614450495
"85",0.75,2,4.14,"models/simple_multinomial_uniformdisprior_floral.stan","all","multinomial_theta",1.05488823132453,1.13262020697946,1.23100910601333,0.409592532217576,0.459144798110533,0.505447296304928
"86",0.25,3,4.14,"models/simple_multinomial_uniformdisprior_floral.stan","all","multinomial_theta",0.513158173814254,0.544424710459886,0.577197367927624,0.493710305445797,0.585830934672328,0.679613474874028
"87",0.375,3,4.14,"models/simple_multinomial_uniformdisprior_floral.stan","all","multinomial_theta",0.713483074134358,0.752733846139934,0.794451161390097,0.515867537818764,0.583423941254174,0.651764935754767
"88",0.5,3,4.14,"models/simple_multinomial_uniformdisprior_floral.stan","all","multinomial_theta",0.891344317326195,0.942311515986961,0.999985297150234,0.474690789295695,0.523522523155923,0.572801104067898
"89",0.625,3,4.14,"models/simple_multinomial_uniformdisprior_floral.stan","all","multinomial_theta",0.988437109913788,1.05789721768785,1.13911178916756,0.456473974216933,0.504468601713217,0.553811170877188
"90",0.75,3,4.14,"models/simple_multinomial_uniformdisprior_floral.stan","all","multinomial_theta",1.11890214071322,1.21589135239969,1.34904798207956,0.429274775341616,0.477508519001166,0.525009698673288
"91",0.25,1,1.23,"models/poisson_uniformdisprior_floral.stan","all","poisson_theta",0.446614090167313,0.468278011891205,0.490238525444701,0.453332458603388,0.499886615024234,0.547581152122394
"92",0.375,1,1.23,"models/poisson_uniformdisprior_floral.stan","all","poisson_theta",0.517086318661381,0.536420662743564,0.555306602637995,0.433485846279062,0.480291215563156,0.525575868054285
"93",0.5,1,1.23,"models/poisson_uniformdisprior_floral.stan","all","poisson_theta",0.563180266621705,0.583704803741559,0.604241121879322,0.396150053085978,0.444855234520103,0.493379626570102
"94",0.625,1,1.23,"models/poisson_uniformdisprior_floral.stan","all","poisson_theta",0.586175167114049,0.607411624701048,0.628718091303292,0.472572232623705,0.523584215274587,0.57534168065702
"95",0.75,1,1.23,"models/poisson_uniformdisprior_floral.stan","all","poisson_theta",0.605314123710179,0.626742130788529,0.648698899020426,0.472473179247645,0.518069446818255,0.566891609150464
"96",0.25,2,1.23,"models/poisson_uniformdisprior_floral.stan","all","poisson_theta",0.438625504875832,0.461801030127934,0.484686527600216,0.401701699775686,0.456865859130547,0.510547882209347
"97",0.375,2,1.23,"models/poisson_uniformdisprior_floral.stan","all","poisson_theta",0.523910281481458,0.543480066382351,0.564027551146067,0.412373308071257,0.458505574848837,0.507300576585478
"98",0.5,2,1.23,"models/poisson_uniformdisprior_floral.stan","all","poisson_theta",0.563897249988725,0.584117119956696,0.605508293740688,0.456723737255153,0.505401209428225,0.553217338328107
"99",0.625,2,1.23,"models/poisson_uniformdisprior_floral.stan","all","poisson_theta",0.588732286916819,0.609852506334156,0.630603899215048,0.415983959666139,0.465507720902526,0.516251338450351
"100",0.75,2,1.23,"models/poisson_uniformdisprior_floral.stan","all","poisson_theta",0.600723768542609,0.622473169788424,0.645005340051015,0.365249321907062,0.414354351185673,0.462806083313535
"101",0.25,3,1.23,"models/poisson_uniformdisprior_floral.stan","all","poisson_theta",0.44734968075618,0.469722325160976,0.491502287518444,0.454814619896154,0.501100451347945,0.548507524623218
"102",0.375,3,1.23,"models/poisson_uniformdisprior_floral.stan","all","poisson_theta",0.520693594525072,0.539954571267355,0.559931361212346,0.484291570023109,0.534704228958151,0.583755779555009
"103",0.5,3,1.23,"models/poisson_uniformdisprior_floral.stan","all","poisson_theta",0.565879667599799,0.586942601198346,0.607909313496987,0.433320372699052,0.477232876132347,0.523733085383693
"104",0.625,3,1.23,"models/poisson_uniformdisprior_floral.stan","all","poisson_theta",0.594560441333897,0.616523287697893,0.63971702198851,0.430686805383974,0.476093477015662,0.522999051837943
"105",0.75,3,1.23,"models/poisson_uniformdisprior_floral.stan","all","poisson_theta",0.608335598492133,0.629734422920525,0.652159579746139,0.406829424554337,0.455848618352391,0.507267338018936
"106",0.25,1,2.68,"models/poisson_uniformdisprior_floral.stan","all","poisson_theta",1.19580582767285,1.25231918781323,1.31513525174927,0.46248117340143,0.512365021094387,0.561904660376902
"107",0.375,1,2.68,"models/poisson_uniformdisprior_floral.stan","all","poisson_theta",1.33603530999596,1.40604524517202,1.47845328431494,0.438622681250135,0.485508261430049,0.53389112756701
"108",0.5,1,2.68,"models/poisson_uniformdisprior_floral.stan","all","poisson_theta",1.42001636121696,1.4909817087997,1.57384322709217,0.41232897395307,0.458763103190088,0.504301538001486
"109",0.625,1,2.68,"models/poisson_uniformdisprior_floral.stan","all","poisson_theta",1.50572160602975,1.58214936851667,1.66989693725826,0.479559017040742,0.529670838832934,0.579474335848252
"110",0.75,1,2.68,"models/poisson_uniformdisprior_floral.stan","all","poisson_theta",1.54183172328983,1.62317838722185,1.71385190144355,0.465754455796197,0.514651450742966,0.561448963582249
"111",0.25,2,2.68,"models/poisson_uniformdisprior_floral.stan","all","poisson_theta",1.20250544926058,1.26225508302091,1.32236622131841,0.406676669309052,0.461678152442066,0.517208277101264
"112",0.375,2,2.68,"models/poisson_uniformdisprior_floral.stan","all","poisson_theta",1.34948150764468,1.41729175262247,1.49208967684661,0.427772478105163,0.475569279613657,0.523443010329887
"113",0.5,2,2.68,"models/poisson_uniformdisprior_floral.stan","all","poisson_theta",1.42840565073866,1.49907109973685,1.57794776220124,0.463201278232348,0.512780007311544,0.56439072821251
"114",0.625,2,2.68,"models/poisson_uniformdisprior_floral.stan","all","poisson_theta",1.50368288667724,1.58035406073921,1.66492241086767,0.421543679315841,0.467714234284281,0.515278073063846
"115",0.75,2,2.68,"models/poisson_uniformdisprior_floral.stan","all","poisson_theta",1.55892226172593,1.64326675059697,1.73796844644011,0.373491600985321,0.420544257503642,0.469567259305778
"116",0.25,3,2.68,"models/poisson_uniformdisprior_floral.stan","all","poisson_theta",1.20297543378163,1.26061829309704,1.3230403039147,0.46348578084775,0.510410760419062,0.556614707554468
"117",0.375,3,2.68,"models/poisson_uniformdisprior_floral.stan","all","poisson_theta",1.31144587574212,1.37256899237756,1.43946734179961,0.490904052941381,0.541807125858002,0.592526099204968
"118",0.5,3,2.68,"models/poisson_uniformdisprior_floral.stan","all","poisson_theta",1.43451920930185,1.50671488418862,1.58805001682826,0.441641100141727,0.487060401157811,0.532033121733523
"119",0.625,3,2.68,"models/poisson_uniformdisprior_floral.stan","all","poisson_theta",1.51751508578081,1.59906700775843,1.68892534021738,0.440534083376158,0.48515825036031,0.530274085760385
"120",0.75,3,2.68,"models/poisson_uniformdisprior_floral.stan","all","poisson_theta",1.55245133642284,1.63761850522224,1.73234745933146,0.41700768487533,0.464512452079398,0.512769132767923
"121",0.25,1,4.14,"models/poisson_uniformdisprior_floral.stan","all","poisson_theta",2.34858897680509,2.5166355783091,2.71226119018896,0.466960686806604,0.51682583411351,0.568439800922755
"122",0.375,1,4.14,"models/poisson_uniformdisprior_floral.stan","all","poisson_theta",2.62877752505566,2.83720106681344,3.10139861773459,0.44331335247415,0.488876272320434,0.538234996201631
"123",0.5,1,4.14,"models/poisson_uniformdisprior_floral.stan","all","poisson_theta",2.71153853440731,2.93164620374138,3.20201858321549,0.417581602042037,0.463867072611482,0.510085538531949
"124",0.625,1,4.14,"models/poisson_uniformdisprior_floral.stan","all","poisson_theta",2.87052154212537,3.12300401325712,3.42818362865675,0.480601930617528,0.529834211627888,0.579488293260471
"125",0.75,1,4.14,"models/poisson_uniformdisprior_floral.stan","all","poisson_theta",2.94389545193855,3.20553306546787,3.54569635989346,0.467680263578823,0.513663515112277,0.560727569932236
"126",0.25,2,4.14,"models/poisson_uniformdisprior_floral.stan","all","poisson_theta",2.3858835696327,2.55264716305078,2.76986171001074,0.400693885069854,0.45773721855572,0.513738127945325
"127",0.375,2,4.14,"models/poisson_uniformdisprior_floral.stan","all","poisson_theta",2.63902867915011,2.84370497619359,3.10882346779433,0.434256086009801,0.481885359958093,0.530998181286755
"128",0.5,2,4.14,"models/poisson_uniformdisprior_floral.stan","all","poisson_theta",2.73246044706121,2.94807567574481,3.21575431555397,0.468233778553604,0.517063116555434,0.564361999582056
"129",0.625,2,4.14,"models/poisson_uniformdisprior_floral.stan","all","poisson_theta",2.88257493896036,3.13262424356983,3.4498020388692,0.414037993009087,0.465238064930368,0.515109760037096
"130",0.75,2,4.14,"models/poisson_uniformdisprior_floral.stan","all","poisson_theta",2.97282083273488,3.23846280010439,3.56650505633315,0.374686703121277,0.422777333671932,0.470084517249408
"131",0.25,3,4.14,"models/poisson_uniformdisprior_floral.stan","all","poisson_theta",2.40164369960798,2.58638449745995,2.8077955383044,0.462799613532302,0.507757359967634,0.554618848755549
"132",0.375,3,4.14,"models/poisson_uniformdisprior_floral.stan","all","poisson_theta",2.51693511303235,2.71222027569694,2.94217447096751,0.489265067977797,0.538887527735812,0.591780250079373
"133",0.5,3,4.14,"models/poisson_uniformdisprior_floral.stan","all","poisson_theta",2.74183478613338,2.96969177065734,3.27439520208422,0.441908918317665,0.486235176945817,0.530734481693717
"134",0.625,3,4.14,"models/poisson_uniformdisprior_floral.stan","all","poisson_theta",2.88206363042938,3.12794783483914,3.45100644477253,0.441893334486878,0.488013403485781,0.535642195486889
"135",0.75,3,4.14,"models/poisson_uniformdisprior_floral.stan","all","poisson_theta",2.95857536564375,3.22089689144883,3.56017709420824,0.419815682844023,0.469221641028936,0.519082334143398
"136",0.25,1,1.23,"models/simple_multinomial_uniformdisprior.stan","doubletons","multinomial_notheta",0.704558087214758,0.855156143953584,1.1183222805389,NA,NA,NA
"137",0.375,1,1.23,"models/simple_multinomial_uniformdisprior.stan","doubletons","multinomial_notheta",0.820450675318502,0.991355541061021,1.31085363517357,NA,NA,NA
"138",0.5,1,1.23,"models/simple_multinomial_uniformdisprior.stan","doubletons","multinomial_notheta",0.888087762479939,1.08551598321085,1.4794880081628,NA,NA,NA
"139",0.625,1,1.23,"models/simple_multinomial_uniformdisprior.stan","doubletons","multinomial_notheta",1.03688024186285,1.37031347877838,2.21060989793604,NA,NA,NA
"140",0.75,1,1.23,"models/simple_multinomial_uniformdisprior.stan","doubletons","multinomial_notheta",1.19108008874038,1.65760793838122,2.74499037667412,NA,NA,NA
"141",0.25,2,1.23,"models/simple_multinomial_uniformdisprior.stan","doubletons","multinomial_notheta",0.768992845256966,0.934146138120973,1.20822293926916,NA,NA,NA
"142",0.375,2,1.23,"models/simple_multinomial_uniformdisprior.stan","doubletons","multinomial_notheta",0.729723112664139,0.853962125375593,1.07574744786246,NA,NA,NA
"143",0.5,2,1.23,"models/simple_multinomial_uniformdisprior.stan","doubletons","multinomial_notheta",0.945221070046933,1.2316376892241,1.86435696250876,NA,NA,NA
"144",0.625,2,1.23,"models/simple_multinomial_uniformdisprior.stan","doubletons","multinomial_notheta",0.953267672006302,1.19421962273799,1.70170818588271,NA,NA,NA
"145",0.75,2,1.23,"models/simple_multinomial_uniformdisprior.stan","doubletons","multinomial_notheta",1.02330731351212,1.34228845902231,2.08815213313006,NA,NA,NA
"146",0.25,3,1.23,"models/simple_multinomial_uniformdisprior.stan","doubletons","multinomial_notheta",0.845406324150806,1.06021640593417,1.49815750693381,NA,NA,NA
"147",0.375,3,1.23,"models/simple_multinomial_uniformdisprior.stan","doubletons","multinomial_notheta",0.852313431442161,1.04485288628191,1.42973491706343,NA,NA,NA
"148",0.5,3,1.23,"models/simple_multinomial_uniformdisprior.stan","doubletons","multinomial_notheta",0.813482929100448,0.976909385552134,1.271599794525,NA,NA,NA
"149",0.625,3,1.23,"models/simple_multinomial_uniformdisprior.stan","doubletons","multinomial_notheta",0.878143845173611,1.09446808849669,1.50108811589169,NA,NA,NA
"150",0.75,3,1.23,"models/simple_multinomial_uniformdisprior.stan","doubletons","multinomial_notheta",0.92493099896961,1.17160365649081,1.68055875561739,NA,NA,NA
"151",0.25,1,2.68,"models/simple_multinomial_uniformdisprior.stan","doubletons","multinomial_notheta",0.270889810338887,0.284990897705677,0.300563402870752,NA,NA,NA
"152",0.375,1,2.68,"models/simple_multinomial_uniformdisprior.stan","doubletons","multinomial_notheta",0.399468037233712,0.421121869077415,0.445451736549128,NA,NA,NA
"153",0.5,1,2.68,"models/simple_multinomial_uniformdisprior.stan","doubletons","multinomial_notheta",0.536249641588839,0.569918629365498,0.605915961423748,NA,NA,NA
"154",0.625,1,2.68,"models/simple_multinomial_uniformdisprior.stan","doubletons","multinomial_notheta",0.585364196633495,0.6299283922688,0.681567837832806,NA,NA,NA
"155",0.75,1,2.68,"models/simple_multinomial_uniformdisprior.stan","doubletons","multinomial_notheta",0.682481117106452,0.742069492800262,0.81612116243082,NA,NA,NA
"156",0.25,2,2.68,"models/simple_multinomial_uniformdisprior.stan","doubletons","multinomial_notheta",0.263375488356579,0.277169905118783,0.29234571466935,NA,NA,NA
"157",0.375,2,2.68,"models/simple_multinomial_uniformdisprior.stan","doubletons","multinomial_notheta",0.411642435752221,0.433886217741883,0.458701417535947,NA,NA,NA
"158",0.5,2,2.68,"models/simple_multinomial_uniformdisprior.stan","doubletons","multinomial_notheta",0.534245728527473,0.570096018818393,0.60997265532384,NA,NA,NA
"159",0.625,2,2.68,"models/simple_multinomial_uniformdisprior.stan","doubletons","multinomial_notheta",0.622445162633883,0.671618896935048,0.729885257504207,NA,NA,NA
"160",0.75,2,2.68,"models/simple_multinomial_uniformdisprior.stan","doubletons","multinomial_notheta",0.671034821538708,0.732622844286806,0.813229557771105,NA,NA,NA
"161",0.25,3,2.68,"models/simple_multinomial_uniformdisprior.stan","doubletons","multinomial_notheta",0.274025903312778,0.287742589199848,0.302814231382894,NA,NA,NA
"162",0.375,3,2.68,"models/simple_multinomial_uniformdisprior.stan","doubletons","multinomial_notheta",0.412605521062486,0.43486758849676,0.459543565362813,NA,NA,NA
"163",0.5,3,2.68,"models/simple_multinomial_uniformdisprior.stan","doubletons","multinomial_notheta",0.526533465804086,0.56147780687151,0.598157032822318,NA,NA,NA
"164",0.625,3,2.68,"models/simple_multinomial_uniformdisprior.stan","doubletons","multinomial_notheta",0.624334377739209,0.672434987869817,0.729429609732359,NA,NA,NA
"165",0.75,3,2.68,"models/simple_multinomial_uniformdisprior.stan","doubletons","multinomial_notheta",0.714698309761642,0.788675063973818,0.883520007327189,NA,NA,NA
"166",0.25,1,4.14,"models/simple_multinomial_uniformdisprior.stan","doubletons","multinomial_notheta",0.464483623164251,0.490555293469885,0.519126901657787,NA,NA,NA
"167",0.375,1,4.14,"models/simple_multinomial_uniformdisprior.stan","doubletons","multinomial_notheta",0.645239133916469,0.680515961358794,0.719549295129083,NA,NA,NA
"168",0.5,1,4.14,"models/simple_multinomial_uniformdisprior.stan","doubletons","multinomial_notheta",0.83498484554909,0.887292530224583,0.945372238338723,NA,NA,NA
"169",0.625,1,4.14,"models/simple_multinomial_uniformdisprior.stan","doubletons","multinomial_notheta",0.888826457421735,0.955015019152535,1.03704194861271,NA,NA,NA
"170",0.75,1,4.14,"models/simple_multinomial_uniformdisprior.stan","doubletons","multinomial_notheta",1.00783132224474,1.08978787877081,1.19233210609746,NA,NA,NA
"171",0.25,2,4.14,"models/simple_multinomial_uniformdisprior.stan","doubletons","multinomial_notheta",0.447399957513353,0.472259485541114,0.497779702475856,NA,NA,NA
"172",0.375,2,4.14,"models/simple_multinomial_uniformdisprior.stan","doubletons","multinomial_notheta",0.666141303589575,0.702682296962412,0.743556911331054,NA,NA,NA
"173",0.5,2,4.14,"models/simple_multinomial_uniformdisprior.stan","doubletons","multinomial_notheta",0.822718701841321,0.87774874800398,0.939076985735929,NA,NA,NA
"174",0.625,2,4.14,"models/simple_multinomial_uniformdisprior.stan","doubletons","multinomial_notheta",0.954920276950704,1.0275377818542,1.11597918610421,NA,NA,NA
"175",0.75,2,4.14,"models/simple_multinomial_uniformdisprior.stan","doubletons","multinomial_notheta",1.00244718838426,1.09470242997831,1.21419863225702,NA,NA,NA
"176",0.25,3,4.14,"models/simple_multinomial_uniformdisprior.stan","doubletons","multinomial_notheta",0.46402540464978,0.488470243220747,0.515700120022051,NA,NA,NA
"177",0.375,3,4.14,"models/simple_multinomial_uniformdisprior.stan","doubletons","multinomial_notheta",0.65882317761843,0.695711084379929,0.73503250690009,NA,NA,NA
"178",0.5,3,4.14,"models/simple_multinomial_uniformdisprior.stan","doubletons","multinomial_notheta",0.825013383162682,0.877111883339547,0.939416320068778,NA,NA,NA
"179",0.625,3,4.14,"models/simple_multinomial_uniformdisprior.stan","doubletons","multinomial_notheta",0.948172751273702,1.01986105420348,1.10390515923916,NA,NA,NA
"180",0.75,3,4.14,"models/simple_multinomial_uniformdisprior.stan","doubletons","multinomial_notheta",1.07950973589224,1.18243231040836,1.32531807995529,NA,NA,NA
"181",0.25,1,1.23,"models/simple_multinomial_uniformdisprior_floral.stan","doubletons","multinomial_theta",0.888612057073944,1.07248099968316,1.40074526625425,0.500328380535675,0.570789378968446,0.641775600649299
"182",0.375,1,1.23,"models/simple_multinomial_uniformdisprior_floral.stan","doubletons","multinomial_theta",0.879219543313452,1.03616154477182,1.29277962482806,0.428645913363006,0.496972116758685,0.560964951086776
"183",0.5,1,1.23,"models/simple_multinomial_uniformdisprior_floral.stan","doubletons","multinomial_theta",1.02464611961764,1.24931755081929,1.68836871565952,0.431299491988331,0.497801505969632,0.564608006797886
"184",0.625,1,1.23,"models/simple_multinomial_uniformdisprior_floral.stan","doubletons","multinomial_theta",1.03820872940035,1.30884357597052,1.8799446785034,0.468964178769908,0.544744766185969,0.620810915398895
"185",0.75,1,1.23,"models/simple_multinomial_uniformdisprior_floral.stan","doubletons","multinomial_theta",1.10782724026013,1.42202542885679,2.10144997919674,0.44794598537798,0.519339683626682,0.589470535815778
"186",0.25,2,1.23,"models/simple_multinomial_uniformdisprior_floral.stan","doubletons","multinomial_theta",0.891228021577655,1.04776214884038,1.35030289450035,0.460237577826183,0.534532025731216,0.608040777057624
"187",0.375,2,1.23,"models/simple_multinomial_uniformdisprior_floral.stan","doubletons","multinomial_theta",0.909685583423428,1.09891350657205,1.43586533456039,0.451198993413864,0.518778003588295,0.588077235639236
"188",0.5,2,1.23,"models/simple_multinomial_uniformdisprior_floral.stan","doubletons","multinomial_theta",0.932582222632399,1.11635360876456,1.45187832192972,0.456314908570262,0.530515244182174,0.608767965622769
"189",0.625,2,1.23,"models/simple_multinomial_uniformdisprior_floral.stan","doubletons","multinomial_theta",1.00990796043228,1.24276892079249,1.67688867473784,0.430791785127235,0.503438953280169,0.57407770264645
"190",0.75,2,1.23,"models/simple_multinomial_uniformdisprior_floral.stan","doubletons","multinomial_theta",1.0386844591275,1.32017279362005,1.93863567600635,0.388267932341435,0.465146781237932,0.547827449865352
"191",0.25,3,1.23,"models/simple_multinomial_uniformdisprior_floral.stan","doubletons","multinomial_theta",0.935082398523048,1.11813577936367,1.42771568899594,0.50401925794494,0.564905282463833,0.629880887907685
"192",0.375,3,1.23,"models/simple_multinomial_uniformdisprior_floral.stan","doubletons","multinomial_theta",0.962333820615924,1.13633227863445,1.44762049898654,0.52129410192067,0.589584234288223,0.655817902312976
"193",0.5,3,1.23,"models/simple_multinomial_uniformdisprior_floral.stan","doubletons","multinomial_theta",0.868090001891182,1.00010114002096,1.22641742199519,0.450491604547334,0.512854342542522,0.57544131597851
"194",0.625,3,1.23,"models/simple_multinomial_uniformdisprior_floral.stan","doubletons","multinomial_theta",1.00885109141854,1.22929312457138,1.71869613808304,0.431202567320566,0.497427103519409,0.561549753717695
"195",0.75,3,1.23,"models/simple_multinomial_uniformdisprior_floral.stan","doubletons","multinomial_theta",0.947796144381537,1.14438966763736,1.55846961842358,0.401734737650163,0.485099388632099,0.56928899008437
"196",0.25,1,2.68,"models/simple_multinomial_uniformdisprior_floral.stan","doubletons","multinomial_theta",0.27463387509764,0.289807828049452,0.305495327189571,0.494926296944315,0.572024782637459,0.655713745428335
"197",0.375,1,2.68,"models/simple_multinomial_uniformdisprior_floral.stan","doubletons","multinomial_theta",0.405875888855748,0.42912057416973,0.452958872159999,0.451954290679056,0.522352825163101,0.591178100031364
"198",0.5,1,2.68,"models/simple_multinomial_uniformdisprior_floral.stan","doubletons","multinomial_theta",0.543523172695079,0.577245574760236,0.616415207183914,0.442302004905804,0.511334758243473,0.583091053370908
"199",0.625,1,2.68,"models/simple_multinomial_uniformdisprior_floral.stan","doubletons","multinomial_theta",0.592585323527808,0.637717525077377,0.689852202270965,0.464026482264444,0.541590091805223,0.622472391743066
"200",0.75,1,2.68,"models/simple_multinomial_uniformdisprior_floral.stan","doubletons","multinomial_theta",0.692359919213325,0.752594227793882,0.831448507278597,0.447851822997021,0.519939412664774,0.59609299315356
"201",0.25,2,2.68,"models/simple_multinomial_uniformdisprior_floral.stan","doubletons","multinomial_theta",0.264976966579834,0.278382580959295,0.292504686186715,0.465395792808499,0.549517360973283,0.633043069465904
"202",0.375,2,2.68,"models/simple_multinomial_uniformdisprior_floral.stan","doubletons","multinomial_theta",0.418561909054728,0.443254536664676,0.468984223460903,0.452424206679532,0.5253991524645,0.599645930617108
"203",0.5,2,2.68,"models/simple_multinomial_uniformdisprior_floral.stan","doubletons","multinomial_theta",0.541725903082737,0.578337361357681,0.620483764040551,0.444074369962243,0.5167426644506,0.591198832686375
"204",0.625,2,2.68,"models/simple_multinomial_uniformdisprior_floral.stan","doubletons","multinomial_theta",0.630856998482903,0.679348264715087,0.736988976241951,0.435805202965429,0.512930880942295,0.590490131830531
"205",0.75,2,2.68,"models/simple_multinomial_uniformdisprior_floral.stan","doubletons","multinomial_theta",0.675276514557114,0.737175084984429,0.812708894175921,0.39399442373536,0.47391395248516,0.554794029687786
"206",0.25,3,2.68,"models/simple_multinomial_uniformdisprior_floral.stan","doubletons","multinomial_theta",0.275355253041265,0.289390611338957,0.303747214279709,0.495482879885121,0.568352372694311,0.645473763075548
"207",0.375,3,2.68,"models/simple_multinomial_uniformdisprior_floral.stan","doubletons","multinomial_theta",0.417151291789895,0.441061904799582,0.465582852464302,0.532582149315868,0.604624803715052,0.679077002344084
"208",0.5,3,2.68,"models/simple_multinomial_uniformdisprior_floral.stan","doubletons","multinomial_theta",0.534082892403543,0.570064459660491,0.609083626604598,0.459743472871983,0.527612521244462,0.593521016219424
"209",0.625,3,2.68,"models/simple_multinomial_uniformdisprior_floral.stan","doubletons","multinomial_theta",0.633108364574745,0.681855246819112,0.738363982082522,0.442399408406417,0.509928614066844,0.578657599055984
"210",0.75,3,2.68,"models/simple_multinomial_uniformdisprior_floral.stan","doubletons","multinomial_theta",0.723910933524026,0.793505138444612,0.885461667503395,0.404505575598842,0.486890750035756,0.568219209767144
"211",0.25,1,4.14,"models/simple_multinomial_uniformdisprior_floral.stan","doubletons","multinomial_theta",0.484472400039673,0.51245612298806,0.543781935740234,0.564320437724316,0.698368536395907,0.838938856073954
"212",0.375,1,4.14,"models/simple_multinomial_uniformdisprior_floral.stan","doubletons","multinomial_theta",0.676062305994539,0.715320724402304,0.758329087197591,0.44669068161681,0.536707986632957,0.626736458663753
"213",0.5,1,4.14,"models/simple_multinomial_uniformdisprior_floral.stan","doubletons","multinomial_theta",0.86625163745634,0.923247295409922,0.981695273706328,0.473582062533863,0.548576742740904,0.626356502055707
"214",0.625,1,4.14,"models/simple_multinomial_uniformdisprior_floral.stan","doubletons","multinomial_theta",0.928831131655392,0.997304443850086,1.0780784581697,0.458146241529805,0.538799016425884,0.619635031708686
"215",0.75,1,4.14,"models/simple_multinomial_uniformdisprior_floral.stan","doubletons","multinomial_theta",1.04991729036231,1.13685605555619,1.24771862729907,0.430115521356753,0.509988888118895,0.585654445302468
"216",0.25,2,4.14,"models/simple_multinomial_uniformdisprior_floral.stan","doubletons","multinomial_theta",0.46114075733917,0.487295079054727,0.517147992385836,0.466211548606105,0.616611475115699,0.771735969188406
"217",0.375,2,4.14,"models/simple_multinomial_uniformdisprior_floral.stan","doubletons","multinomial_theta",0.692895701421971,0.732829736019893,0.776985264164725,0.516506589432682,0.608260546382255,0.707819844773451
"218",0.5,2,4.14,"models/simple_multinomial_uniformdisprior_floral.stan","doubletons","multinomial_theta",0.864434445817972,0.921023609867497,0.986888511193405,0.426324782928706,0.506391337999525,0.593620853610191
"219",0.625,2,4.14,"models/simple_multinomial_uniformdisprior_floral.stan","doubletons","multinomial_theta",0.98155217735261,1.05737818769514,1.15135687518904,0.439025627125149,0.515719058152448,0.591918786209755
"220",0.75,2,4.14,"models/simple_multinomial_uniformdisprior_floral.stan","doubletons","multinomial_theta",1.0326135606379,1.12812201085373,1.25160960412717,0.387983417625361,0.471092172287399,0.558166122485539
"221",0.25,3,4.14,"models/simple_multinomial_uniformdisprior_floral.stan","doubletons","multinomial_theta",0.482571233805019,0.510030358427288,0.541982704349717,0.506019758589043,0.6273158832432,0.759668158693197
"222",0.375,3,4.14,"models/simple_multinomial_uniformdisprior_floral.stan","doubletons","multinomial_theta",0.69708884457788,0.737078084219646,0.779393358275091,0.52441394213383,0.619023151047588,0.711971308652421
"223",0.5,3,4.14,"models/simple_multinomial_uniformdisprior_floral.stan","doubletons","multinomial_theta",0.8659881300082,0.924005359934459,0.989257054426504,0.458916314199303,0.530281405599725,0.60543961217977
"224",0.625,3,4.14,"models/simple_multinomial_uniformdisprior_floral.stan","doubletons","multinomial_theta",0.975077255372144,1.05150252574486,1.14136756769802,0.454044740287508,0.525038370864281,0.598357040953745
"225",0.75,3,4.14,"models/simple_multinomial_uniformdisprior_floral.stan","doubletons","multinomial_theta",1.10502706898603,1.21801757483324,1.37052307485161,0.392907444778381,0.475294257917757,0.565051465618887
"226",0.25,1,1.23,"models/poisson_uniformdisprior_floral.stan","doubletons","poisson_theta",0.294783941471076,0.315193313029067,0.341184353731882,0.445809314464859,0.503690352150234,0.565443484729891
"227",0.375,1,1.23,"models/poisson_uniformdisprior_floral.stan","doubletons","poisson_theta",0.466626006819595,0.494725527759928,0.52301800750192,0.423998071068748,0.486962413166081,0.548512487043859
"228",0.5,1,1.23,"models/poisson_uniformdisprior_floral.stan","doubletons","poisson_theta",0.548056339620457,0.578664445097076,0.611541705345043,0.391426131821524,0.455400546111506,0.522148585818998
"229",0.625,1,1.23,"models/poisson_uniformdisprior_floral.stan","doubletons","poisson_theta",0.570769892339136,0.604667390794383,0.642650908062978,0.439196369432497,0.513999254087479,0.594738044821856
"230",0.75,1,1.23,"models/poisson_uniformdisprior_floral.stan","doubletons","poisson_theta",0.613420876500662,0.650734798733704,0.692429411891834,0.433239340294021,0.505074574898561,0.57331541477516
"231",0.25,2,1.23,"models/poisson_uniformdisprior_floral.stan","doubletons","poisson_theta",0.281475456439936,0.299504192120823,0.319232514584916,0.410544309053062,0.479459885418107,0.546843066617389
"232",0.375,2,1.23,"models/poisson_uniformdisprior_floral.stan","doubletons","poisson_theta",0.478854580988445,0.505137028694176,0.533586775678854,0.425283314477959,0.489593510117471,0.555030891265443
"233",0.5,2,1.23,"models/poisson_uniformdisprior_floral.stan","doubletons","poisson_theta",0.545535719711248,0.577130024237388,0.611436305835332,0.444133694195438,0.514011210905807,0.583276498709391
"234",0.625,2,1.23,"models/poisson_uniformdisprior_floral.stan","doubletons","poisson_theta",0.591813317118265,0.627540886819379,0.664706315960034,0.423758860836994,0.495857446923828,0.570050486071362
"235",0.75,2,1.23,"models/poisson_uniformdisprior_floral.stan","doubletons","poisson_theta",0.607340667263958,0.645542028857758,0.688370476854496,0.341934639083278,0.420374843957066,0.501835473218116
"236",0.25,3,1.23,"models/poisson_uniformdisprior_floral.stan","doubletons","poisson_theta",0.297386720206455,0.317141888196831,0.340003992222876,0.428849642970731,0.487845656630103,0.550996621342003
"237",0.375,3,1.23,"models/poisson_uniformdisprior_floral.stan","doubletons","poisson_theta",0.471298058658608,0.499045860861415,0.527112561169263,0.493509178440508,0.559877568244545,0.623208251752675
"238",0.5,3,1.23,"models/poisson_uniformdisprior_floral.stan","doubletons","poisson_theta",0.542848262142863,0.573497680600288,0.607364144813273,0.418561443536261,0.479979919558867,0.541443749916647
"239",0.625,3,1.23,"models/poisson_uniformdisprior_floral.stan","doubletons","poisson_theta",0.591321166738469,0.626172243980581,0.664423029994804,0.428131495691633,0.492538186276455,0.557045374983011
"240",0.75,3,1.23,"models/poisson_uniformdisprior_floral.stan","doubletons","poisson_theta",0.623582398602899,0.662908600748073,0.706588783238964,0.37893282763311,0.455108135882038,0.53681330122463
"241",0.25,1,2.68,"models/poisson_uniformdisprior_floral.stan","doubletons","poisson_theta",1.04869159291544,1.11607986511387,1.19236381382792,0.501662748332344,0.568037710739222,0.634545674636912
"242",0.375,1,2.68,"models/poisson_uniformdisprior_floral.stan","doubletons","poisson_theta",1.24146425105692,1.33414608280628,1.44617869573147,0.432602648357683,0.498373148758466,0.563921292459882
"243",0.5,1,2.68,"models/poisson_uniformdisprior_floral.stan","doubletons","poisson_theta",1.36196438248254,1.47688112473172,1.61066009288524,0.425367493495333,0.490808004233096,0.557146032626409
"244",0.625,1,2.68,"models/poisson_uniformdisprior_floral.stan","doubletons","poisson_theta",1.42089023339048,1.54882977167602,1.71885490034051,0.449307466775261,0.528213343756869,0.604536747484301
"245",0.75,1,2.68,"models/poisson_uniformdisprior_floral.stan","doubletons","poisson_theta",1.47223273631221,1.62031206279491,1.80189160545319,0.429936240903308,0.501530975177265,0.573092877365314
"246",0.25,2,2.68,"models/poisson_uniformdisprior_floral.stan","doubletons","poisson_theta",1.04605442064786,1.10549265103393,1.18162381043548,0.452256597508543,0.532023826750534,0.609662139227892
"247",0.375,2,2.68,"models/poisson_uniformdisprior_floral.stan","doubletons","poisson_theta",1.25450522985169,1.34746128478781,1.45432074580015,0.46365931639246,0.52906223996534,0.598190187847656
"248",0.5,2,2.68,"models/poisson_uniformdisprior_floral.stan","doubletons","poisson_theta",1.37653085395469,1.48905734560965,1.62342913048725,0.448030634643778,0.519086205026639,0.592370938192165
"249",0.625,2,2.68,"models/poisson_uniformdisprior_floral.stan","doubletons","poisson_theta",1.47003147332767,1.60989708681092,1.77510465540537,0.424777045784832,0.499720985568014,0.576214069653274
"250",0.75,2,2.68,"models/poisson_uniformdisprior_floral.stan","doubletons","poisson_theta",1.49283216248078,1.65215398703739,1.85923212893947,0.356534411153105,0.43209168591132,0.50823846417331
"251",0.25,3,2.68,"models/poisson_uniformdisprior_floral.stan","doubletons","poisson_theta",1.06781178402826,1.13261739353172,1.20577257182681,0.481704766976743,0.547205175741127,0.6135951803752
"252",0.375,3,2.68,"models/poisson_uniformdisprior_floral.stan","doubletons","poisson_theta",1.21542083364218,1.29555832996694,1.39251176575043,0.516693550409287,0.579757330190949,0.645037340022083
"253",0.5,3,2.68,"models/poisson_uniformdisprior_floral.stan","doubletons","poisson_theta",1.36660706919115,1.4758153783061,1.61321117530528,0.431626298498397,0.49461442396692,0.558037154778893
"254",0.625,3,2.68,"models/poisson_uniformdisprior_floral.stan","doubletons","poisson_theta",1.4724715032338,1.60795878340215,1.76258130779191,0.434684077698,0.503782245041436,0.569222030597148
"255",0.75,3,2.68,"models/poisson_uniformdisprior_floral.stan","doubletons","poisson_theta",1.5435916366299,1.70255836585764,1.91329469723914,0.385968838268615,0.466977867485979,0.54689081132624
"256",0.25,1,4.14,"models/poisson_uniformdisprior_floral.stan","doubletons","poisson_theta",2.32202358392972,2.55622356429805,2.86132574840897,0.50533489761767,0.574048899939907,0.641588929301923
"257",0.375,1,4.14,"models/poisson_uniformdisprior_floral.stan","doubletons","poisson_theta",2.68361027324963,3.0116124599466,3.47373969959671,0.437611189187426,0.501714855956892,0.572122859145078
"258",0.5,1,4.14,"models/poisson_uniformdisprior_floral.stan","doubletons","poisson_theta",2.68681287657238,3.04312883918142,3.5653092793902,0.43106235570916,0.498135490314599,0.570585563462432
"259",0.625,1,4.14,"models/poisson_uniformdisprior_floral.stan","doubletons","poisson_theta",2.79404882519093,3.21527527403098,3.83865529622677,0.448729342855858,0.529200593531067,0.6147097227998
"260",0.75,1,4.14,"models/poisson_uniformdisprior_floral.stan","doubletons","poisson_theta",2.87609805808562,3.33828762830135,4.09215941661971,0.4292322363976,0.50024226721986,0.570477478398247
"261",0.25,2,4.14,"models/poisson_uniformdisprior_floral.stan","doubletons","poisson_theta",2.3766477236231,2.61846240652114,2.95064052952002,0.455691722623325,0.531157889577376,0.60974293594399
"262",0.375,2,4.14,"models/poisson_uniformdisprior_floral.stan","doubletons","poisson_theta",2.64069014022338,2.95501951674285,3.38738016015879,0.472999589603131,0.542392898226168,0.614279570487488
"263",0.5,2,4.14,"models/poisson_uniformdisprior_floral.stan","doubletons","poisson_theta",2.74924439616913,3.14724542422096,3.7267211867695,0.448650515348322,0.523720006959211,0.598499489928777
"264",0.625,2,4.14,"models/poisson_uniformdisprior_floral.stan","doubletons","poisson_theta",2.86514513636057,3.30127433149404,3.98071814673751,0.425798137145564,0.499409547730043,0.577097412324332
"265",0.75,2,4.14,"models/poisson_uniformdisprior_floral.stan","doubletons","poisson_theta",2.84878501855114,3.31494070410275,4.08729516205908,0.356806520002548,0.432556449943597,0.513004538923956
"266",0.25,3,4.14,"models/poisson_uniformdisprior_floral.stan","doubletons","poisson_theta",2.38463895810629,2.64254549586321,2.96389980102043,0.480935533498592,0.54610052376724,0.608783922644201
"267",0.375,3,4.14,"models/poisson_uniformdisprior_floral.stan","doubletons","poisson_theta",2.47936159001451,2.76615145767327,3.15285726658283,0.513545022423569,0.580403547991824,0.647007416823704
"268",0.5,3,4.14,"models/poisson_uniformdisprior_floral.stan","doubletons","poisson_theta",2.68688212825131,3.05328399464419,3.57890824617061,0.428950450116297,0.493561064690687,0.558749162429641
"269",0.625,3,4.14,"models/poisson_uniformdisprior_floral.stan","doubletons","poisson_theta",2.8551559996856,3.31361317882828,4.02656967094901,0.436240891064269,0.505706479591691,0.572386695943432
"270",0.75,3,4.14,"models/poisson_uniformdisprior_floral.stan","doubletons","poisson_theta",2.95539638270479,3.44006213439069,4.25555774743041,0.387139330780971,0.469723528696871,0.552905335238886
