Name,BTERN01 - 1,BTERN01 - 2,BTMS0126 - 1,BTMS0126 - 2,BTMS0072 - 1,BTMS0072 - 2,BTMS0059 - 1,BTMS0059 - 2,BL15 - 1,BL15 - 2,BL13 - 1,BL13 - 2,BTMS0083 - 1,BTMS0083 - 2,B126 - 1,B126 - 2
plex2-mixtus-DNA-01-A1,108,,167,167,211,211,350,350,129,,170,170,270,276,144,144
plex2-mixtus-DNA-01-A2,106,112,169,169,229,229,350,350,131,141,168,176,272,284,144,146
plex2-mixtus-DNA-01-A3,106,112,169,171,221,221,350,350,131,137,170,176,282,292,146,148
plex2-mixtus-DNA-01-A4,116,116,167,169,215,215,350,350,141,141,174,180,278,292,144,146
plex2-mixtus-DNA-01-A5,112,114,,,,,,,,,168,172,,,,
plex2-mixtus-DNA-01-A6,112,112,169,187,209,227,350,350,129,143,174,174,268,276,146,148
plex2-mixtus-DNA-01-A7,112,116,169,171,215,215,350,350,129,137,170,174,268,278,146,146
plex2-mixtus-DNA-01-A8,112,114,167,169,229,,350,350,131,131,170,172,268,268,146,148
plex2-mixtus-DNA-01-A9,106,112,169,169,213,217,350,350,139,,172,188,276,282,146,148
plex2-mixtus-DNA-01-A10,112,112,167,169,213,213,350,350,129,141,168,170,276,280,144,146
plex2-mixtus-DNA-01-A11,114,114,169,171,215,229,350,350,131,131,170,172,272,276,146,150
plex2-mixtus-DNA-01-A12,110,112,173,179,213,215,350,350,133,143,174,176,276,280,146,146
plex2-mixtus-DNA-01-B1,110,112,171,181,211,213,350,354,137,,168,170,276,298,146,146
plex2-mixtus-DNA-01-B2,112,114,169,169,211,225,350,350,131,131,170,176,268,288,144,146
plex2-mixtus-DNA-01-B3,112,112,171,177,213,227,350,354,131,131,172,174,276,292,146,146
plex2-mixtus-DNA-01-B4,112,112,167,169,215,215,350,350,129,141,168,172,280,280,144,146
plex2-mixtus-DNA-01-B5,110,114,,,,,,,,,,,,,,
plex2-mixtus-DNA-01-B6,108,,171,173,,,350,350,141,,168,170,270,270,144,146
plex2-mixtus-DNA-01-B7,112,112,167,169,213,237,350,350,131,131,168,170,276,292,144,146
plex2-mixtus-DNA-01-B8,112,112,169,169,219,227,350,350,135,141,168,174,280,280,144,146
plex2-mixtus-DNA-01-B9,104,112,169,177,221,221,350,354,131,131,170,176,270,276,144,146
plex2-mixtus-DNA-01-B10,112,112,167,173,205,233,350,350,139,141,170,176,280,280,146,146
plex2-mixtus-DNA-01-B11,110,110,163,173,,,,,131,141,168,172,278,278,144,146
plex2-mixtus-DNA-01-B12,112,112,167,179,229,,350,350,133,141,168,180,272,280,144,144
plex2-mixtus-DNA-01-C1,114,114,167,169,227,229,350,350,131,131,168,170,276,288,146,146
plex2-mixtus-DNA-01-C2,106,108,167,181,231,231,350,350,131,131,168,170,268,274,144,146
plex2-mixtus-DNA-01-C3,110,112,,,,,,,131,139,168,168,,,,
plex2-mixtus-DNA-01-C4,112,112,171,179,231,231,350,350,133,143,174,174,272,276,146,146
plex2-mixtus-DNA-01-C5,106,112,169,171,207,229,350,354,131,139,168,170,270,300,144,144
plex2-mixtus-DNA-01-C6,112,112,169,169,221,,350,354,139,139,170,170,268,274,146,146
plex2-mixtus-DNA-01-C7,112,112,169,173,217,229,,,131,131,170,170,,,144,144
plex2-mixtus-DNA-01-C8,110,110,169,177,209,215,350,350,141,141,170,174,268,280,144,144
plex2-mixtus-DNA-01-C9,108,114,167,167,231,,350,350,137,,170,170,280,284,144,148
plex2-mixtus-DNA-01-C10,112,112,169,185,213,229,350,350,135,135,170,176,270,278,146,146
plex2-mixtus-DNA-01-C11,110,112,171,179,215,237,350,350,131,131,170,172,276,280,146,146
plex2-mixtus-DNA-01-C12,112,114,177,181,211,215,350,350,131,141,172,182,276,280,144,148
plex2-mixtus-DNA-01-D1,112,112,167,169,213,213,350,350,,,166,168,276,280,144,146
plex2-mixtus-DNA-01-D2,112,114,187,,215,219,350,350,137,141,170,172,274,276,146,148
plex2-mixtus-DNA-01-D3,112,112,167,167,221,223,,,135,139,170,172,278,294,144,146
plex2-mixtus-DNA-01-D4,114,114,169,169,225,225,350,350,129,129,180,180,276,276,146,146
plex2-mixtus-DNA-01-D5,112,114,167,173,215,215,350,354,131,139,170,172,276,280,146,146
plex2-mixtus-DNA-01-D6,114,120,173,189,245,,350,350,137,141,168,172,276,278,144,144
plex2-mixtus-DNA-01-D7,112,112,169,171,209,213,350,354,131,143,168,172,276,282,146,146
plex2-mixtus-DNA-01-D8,112,112,167,169,213,213,350,350,141,,168,170,276,280,144,146
plex2-mixtus-DNA-01-D9,108,112,167,173,215,215,350,350,131,131,170,172,276,298,144,144
plex2-mixtus-DNA-01-D10,114,114,169,175,217,229,350,350,131,133,170,172,276,284,146,146
plex2-mixtus-DNA-01-D11,112,114,177,181,207,215,,,131,141,172,182,276,280,144,148
plex2-mixtus-DNA-01-D12,112,112,171,185,215,233,350,354,131,133,168,172,282,284,144,146
plex2-mixtus-DNA-01-E1,108,112,169,169,,,350,350,133,137,176,180,276,280,146,146
plex2-mixtus-DNA-01-E2,114,114,169,169,,,,,,,170,170,276,276,,
plex2-mixtus-DNA-01-E3,106,106,171,171,219,219,350,350,131,131,170,170,280,280,144,144
plex2-mixtus-DNA-01-E4,108,112,169,171,233,233,350,354,131,141,170,172,268,268,146,146
plex2-mixtus-DNA-01-E5,110,114,167,173,211,211,350,350,133,139,172,176,268,278,146,146
plex2-mixtus-DNA-01-E6,108,112,167,169,229,235,350,350,131,131,170,176,270,280,144,144
plex2-mixtus-DNA-01-E7,106,108,169,169,215,217,350,350,133,139,168,170,272,276,146,146
plex2-mixtus-DNA-01-E8,112,112,169,175,,,350,354,131,141,168,176,276,276,144,144
plex2-mixtus-DNA-01-E9,110,112,165,167,229,229,350,350,131,135,170,170,268,270,146,148
plex2-mixtus-DNA-01-E10,112,112,167,167,209,209,350,350,143,143,170,170,298,298,144,144
plex2-mixtus-DNA-01-E11,110,112,167,187,205,205,350,350,131,145,170,174,270,280,144,148
plex2-mixtus-DNA-01-E12,108,112,169,171,209,223,350,350,131,143,166,174,280,294,144,146
plex2-mixtus-DNA-01-F1,108,108,171,171,217,217,350,350,131,131,198,198,280,280,146,146
plex2-mixtus-DNA-01-F2,112,112,169,181,215,225,350,354,133,139,172,178,276,276,144,146
plex2-mixtus-DNA-01-F3,112,112,171,175,215,215,354,354,129,139,168,172,276,276,144,144
plex2-mixtus-DNA-01-F4,112,112,171,171,217,227,350,354,131,133,170,170,268,270,146,146
plex2-mixtus-DNA-01-F5,106,112,169,177,211,225,350,350,131,141,170,172,268,272,146,148
plex2-mixtus-DNA-01-F6,112,112,169,171,213,217,350,350,137,141,170,198,276,284,144,146
plex2-mixtus-DNA-01-F7,112,112,173,185,215,215,350,354,131,139,172,174,270,278,144,146
plex2-mixtus-DNA-01-F8,112,112,169,169,213,,350,350,139,143,172,176,280,288,146,146
plex2-mixtus-DNA-01-F9,112,114,169,171,211,215,350,350,131,141,174,176,274,280,144,146
plex2-mixtus-DNA-01-F10,110,112,171,173,227,227,350,354,139,141,174,188,276,282,146,146
plex2-mixtus-DNA-01-F11,112,112,167,167,231,231,350,350,131,131,172,172,276,276,144,144
plex2-mixtus-DNA-01-F12,106,112,169,171,229,,350,350,131,145,170,170,268,276,144,146
plex2-mixtus-DNA-01-G1,112,114,177,189,205,205,,,131,131,170,176,276,286,146,146
plex2-mixtus-DNA-01-G2,108,110,167,183,221,221,342,342,137,137,166,170,266,270,148,148
plex2-mixtus-DNA-01-G3,108,114,169,169,211,211,350,350,137,137,168,170,276,280,144,146
plex2-mixtus-DNA-01-G4,114,114,169,177,217,,350,350,131,143,170,176,276,296,144,144
plex2-mixtus-DNA-01-G5,106,112,169,169,,,350,350,139,143,176,180,280,284,146,146
plex2-mixtus-DNA-01-G6,112,114,171,185,217,231,350,350,139,139,168,170,276,294,144,144
plex2-mixtus-DNA-01-G7,112,112,171,171,217,227,350,350,131,139,170,172,276,276,144,148
plex2-mixtus-DNA-01-G8,114,114,175,175,229,229,350,350,139,139,170,170,268,268,144,144
plex2-mixtus-DNA-01-G9,112,112,169,171,215,227,350,350,131,133,182,182,276,278,144,146
plex2-mixtus-DNA-01-G10,112,112,169,181,215,225,350,354,139,,172,178,276,280,144,146
plex2-mixtus-DNA-01-G11,106,114,169,175,,,,,131,131,166,170,,,144,146
plex2-mixtus-DNA-01-G12,108,112,169,171,,,350,350,131,133,170,172,270,284,144,146
plex2-mixtus-DNA-01-H1,112,112,167,169,,,350,350,129,129,172,172,276,282,144,146
plex2-mixtus-DNA-01-H2,116,116,169,175,211,223,350,350,131,139,168,170,278,280,144,146
plex2-mixtus-DNA-01-H3,112,114,169,173,,,,,131,131,168,170,,,144,146
plex2-mixtus-DNA-01-H4,112,114,169,169,,,,,131,137,166,172,,,,
plex2-mixtus-DNA-01-H5,110,114,167,173,,,350,354,131,135,168,174,276,292,146,146
plex2-mixtus-DNA-01-H6,112,112,169,181,219,243,350,350,143,143,170,174,276,284,144,144
plex2-mixtus-DNA-01-H7,110,114,167,169,211,225,350,350,131,131,168,172,270,280,144,146
plex2-mixtus-DNA-01-H8,112,112,167,169,223,223,350,350,131,131,172,178,270,294,144,146
plex2-mixtus-DNA-01-H9,112,114,177,185,217,217,350,350,139,139,170,170,276,280,144,144
plex2-mixtus-DNA-01-H10,112,112,167,167,213,227,350,350,141,143,170,172,276,282,146,146
plex2-mixtus-DNA-01-H11,110,114,169,177,201,215,350,350,131,139,170,172,276,280,144,146
plex2-mixtus-DNA-01-H12,106,112,167,171,211,211,350,350,131,139,174,176,276,290,144,144


