Name,BT10 (6FAM) - 1,BT10 (6FAM) - 2,BTMS0104 (6FAM) - 1,BTMS0104 (6FAM) - 2,BTMS0057 (VIC) - 1,BTMS0057 (VIC) - 2,BTMS0086 (VIC) - 1,BTMS0086 (VIC) - 2,BTMS0066 (NED) - 1,BTMS0066 (NED) - 2,BTMS0062 (NED) - 1,BTMS0062 (NED) - 2,BTMS0136 (PET) - 1,BTMS0136 (PET) - 2
rerun-plex1-mixtusDNA01-A1,132,144,266,266,124,132,274,277,139,142,243,251,174,174
rerun-plex1-mixtusDNA01-A2,138,144,266,266,122,128,274,277,139,154,241,255,172,178
rerun-plex1-mixtusDNA01-A3,134,140,266,266,124,126,274,277,133,145,241,243,178,186
rerun-plex1-mixtusDNA01-A4,132,140,266,268,122,128,274,274,118,145,241,243,172,186
rerun-plex1-mixtusDNA01-A5,134,136,266,266,126,128,274,277,133,145,235,241,166,180
rerun-plex1-mixtusDNA01-A6,134,152,266,266,124,130,274,277,142,145,235,257,178,182
rerun-plex1-mixtusDNA01-A7,134,134,266,266,124,128,274,274,136,139,255,289,166,174
rerun-plex1-mixtusDNA01-A8,134,134,266,268,124,128,277,277,133,142,241,243,172,178
rerun-plex1-mixtusDNA01-A9,130,140,266,268,122,124,274,277,139,145,243,253,154,180
rerun-plex1-mixtusDNA01-A10,132,138,266,268,122,130,274,274,139,139,235,241,166,176
rerun-plex1-mixtusDNA01-A11,134,142,266,266,116,130,274,277,118,139,241,257,160,178
rerun-plex1-mixtusDNA01-A12,132,138,266,266,124,130,274,274,139,148,237,239,170,178
rerun-plex1-mixtusDNA01-B1,136,142,268,268,122,130,274,274,145,148,243,253,182,190
rerun-plex1-mixtusDNA01-B2,132,142,266,266,116,130,274,277,139,142,239,243,168,178
rerun-plex1-mixtusDNA01-B3,132,138,266,266,128,128,274,277,133,139,243,267,182,184
rerun-plex1-mixtusDNA01-B4,132,142,266,266,128,130,274,277,139,145,235,241,174,188
rerun-plex1-mixtusDNA01-B5,132,138,266,266,126,130,274,277,139,142,251,253,178,180
rerun-plex1-mixtusDNA01-B6,132,134,266,266,128,130,274,274,133,139,241,243,174,176
rerun-plex1-mixtusDNA01-B7,136,138,,,122,124,277,277,145,145,249,255,180,184
rerun-plex1-mixtusDNA01-B8,132,144,266,266,124,124,274,274,133,145,229,241,174,174
rerun-plex1-mixtusDNA01-B9,134,144,266,268,124,126,274,277,139,145,241,247,178,180
rerun-plex1-mixtusDNA01-B10,132,134,266,266,126,128,277,277,118,142,243,251,174,176
rerun-plex1-mixtusDNA01-B11,128,134,266,266,126,130,274,274,139,145,243,243,168,172
rerun-plex1-mixtusDNA01-B12,134,138,266,268,122,126,274,274,136,160,235,243,174,182
rerun-plex1-mixtusDNA01-C1,134,140,266,268,122,124,274,274,139,166,243,247,172,180
rerun-plex1-mixtusDNA01-C2,134,144,266,266,122,128,274,277,145,145,241,241,180,194
rerun-plex1-mixtusDNA01-C3,134,138,266,266,124,126,274,277,136,136,235,241,170,178
rerun-plex1-mixtusDNA01-C4,132,138,266,266,122,128,274,274,139,145,237,255,170,174
rerun-plex1-mixtusDNA01-C5,132,138,266,266,126,128,274,274,142,145,241,247,170,186
rerun-plex1-mixtusDNA01-C6,132,132,266,266,122,128,274,277,139,145,241,257,168,180
rerun-plex1-mixtusDNA01-C7,144,160,266,266,122,128,274,277,136,145,243,243,178,188
rerun-plex1-mixtusDNA01-C8,132,144,266,266,126,128,274,274,145,145,231,243,180,188
rerun-plex1-mixtusDNA01-C9,130,134,266,266,128,130,277,277,139,145,241,247,170,184
rerun-plex1-mixtusDNA01-C10,142,144,266,268,116,124,274,274,139,139,241,255,168,176
rerun-plex1-mixtusDNA01-C11,132,144,266,266,130,130,274,274,133,148,239,255,170,178
rerun-plex1-mixtusDNA01-C12,134,146,266,268,124,126,274,274,139,142,243,247,176,184
rerun-plex1-mixtusDNA01-D1,134,138,266,268,122,130,274,274,139,145,241,267,166,178
rerun-plex1-mixtusDNA01-D2,132,160,266,266,124,130,277,277,145,148,239,243,174,180
rerun-plex1-mixtusDNA01-D3,134,134,266,268,126,126,277,277,145,154,241,255,174,176
rerun-plex1-mixtusDNA01-D4,132,132,266,266,124,124,274,274,151,151,241,241,166,166
rerun-plex1-mixtusDNA01-D5,132,136,266,266,130,130,274,277,145,145,235,243,168,172
rerun-plex1-mixtusDNA01-D6,134,142,266,266,124,130,274,274,145,145,231,235,170,186
rerun-plex1-mixtusDNA01-D7,130,138,266,266,126,,274,277,133,139,247,255,162,182
rerun-plex1-mixtusDNA01-D8,132,138,266,268,122,130,274,274,139,145,235,241,166,178
rerun-plex1-mixtusDNA01-D9,144,148,266,266,116,132,277,277,145,145,249,249,168,176
rerun-plex1-mixtusDNA01-D10,140,160,266,266,126,128,274,277,145,145,247,255,180,186
rerun-plex1-mixtusDNA01-D11,140,146,266,268,124,126,274,277,142,145,235,247,178,184
rerun-plex1-mixtusDNA01-D12,132,134,266,268,126,128,274,277,133,145,239,241,162,182
rerun-plex1-mixtusDNA01-E1,132,134,266,268,122,124,274,277,145,163,235,239,168,176
rerun-plex1-mixtusDNA01-E2,,,266,266,,,274,274,,,,,,
rerun-plex1-mixtusDNA01-E3,116,140,266,266,130,130,277,277,145,145,263,263,182,182
rerun-plex1-mixtusDNA01-E4,134,152,266,266,122,124,274,274,145,181,239,241,176,176
rerun-plex1-mixtusDNA01-E5,132,142,266,266,124,130,274,274,145,160,241,243,176,180
rerun-plex1-mixtusDNA01-E6,132,138,266,266,126,128,274,277,139,145,241,247,174,180
rerun-plex1-mixtusDNA01-E7,132,146,266,266,122,132,274,274,133,139,243,259,154,174
rerun-plex1-mixtusDNA01-E8,132,132,266,268,124,124,274,274,139,163,235,241,176,190
rerun-plex1-mixtusDNA01-E9,132,134,266,266,128,128,274,274,142,166,235,243,178,186
rerun-plex1-mixtusDNA01-E10,144,144,266,268,132,132,277,277,145,145,263,263,176,176
rerun-plex1-mixtusDNA01-E11,134,134,266,266,124,126,274,274,139,181,247,255,176,188
rerun-plex1-mixtusDNA01-E12,134,144,266,266,126,128,274,277,139,145,251,255,168,178
rerun-plex1-mixtusDNA01-F1,134,134,266,266,124,124,274,274,145,145,241,241,178,178
rerun-plex1-mixtusDNA01-F2,128,146,266,266,124,128,274,277,142,142,241,243,170,180
rerun-plex1-mixtusDNA01-F3,134,136,266,266,126,130,274,274,136,142,243,255,168,168
rerun-plex1-mixtusDNA01-F4,128,132,266,266,124,128,274,277,145,148,241,241,166,178
rerun-plex1-mixtusDNA01-F5,136,144,266,266,126,136,274,274,142,145,243,247,176,190
rerun-plex1-mixtusDNA01-F6,132,136,266,266,124,130,274,274,133,145,243,255,166,186
rerun-plex1-mixtusDNA01-F7,138,142,266,266,122,130,274,277,139,145,243,257,176,182
rerun-plex1-mixtusDNA01-F8,140,144,266,266,130,130,274,277,118,139,261,267,172,178
rerun-plex1-mixtusDNA01-F9,132,140,266,266,128,130,274,274,142,154,241,241,166,176
rerun-plex1-mixtusDNA01-F10,128,140,266,268,128,130,274,274,142,145,251,253,168,174
rerun-plex1-mixtusDNA01-F11,138,138,266,266,132,132,274,274,145,145,235,235,174,174
rerun-plex1-mixtusDNA01-F12,134,144,266,266,122,126,277,277,142,145,241,259,178,180
rerun-plex1-mixtusDNA01-G1,132,142,266,266,122,128,274,277,133,142,235,247,174,180
rerun-plex1-mixtusDNA01-G2,130,144,264,264,122,126,283,283,130,145,271,,170,172
rerun-plex1-mixtusDNA01-G3,134,144,266,266,122,128,274,277,136,139,243,245,178,180
rerun-plex1-mixtusDNA01-G4,134,146,266,266,128,128,274,277,142,154,243,263,172,178
rerun-plex1-mixtusDNA01-G5,134,134,266,266,126,126,274,274,136,145,251,253,154,168
rerun-plex1-mixtusDNA01-G6,134,136,266,266,126,128,274,277,142,,241,243,176,180
rerun-plex1-mixtusDNA01-G7,134,142,266,266,128,130,274,274,145,145,243,247,172,180
rerun-plex1-mixtusDNA01-G8,132,132,266,266,128,128,277,277,142,142,253,253,174,174
rerun-plex1-mixtusDNA01-G9,136,150,266,268,130,130,274,274,133,139,247,249,176,178
rerun-plex1-mixtusDNA01-G10,128,144,266,266,124,128,274,277,142,142,243,243,170,180
rerun-plex1-mixtusDNA01-G11,134,140,266,268,128,128,274,277,118,175,243,257,174,184
rerun-plex1-mixtusDNA01-G12,134,140,266,266,122,126,274,277,145,145,241,247,170,186
rerun-plex1-mixtusDNA01-H1,130,136,266,266,124,126,277,277,133,145,235,247,170,188
rerun-plex1-mixtusDNA01-H2,132,134,266,266,126,130,274,274,133,139,241,259,188,190
rerun-plex1-mixtusDNA01-H3,132,134,266,268,126,130,274,274,133,145,241,241,162,174
rerun-plex1-mixtusDNA01-H4,134,134,266,268,130,136,274,277,145,145,243,243,176,188
rerun-plex1-mixtusDNA01-H5,134,140,266,268,122,126,274,274,139,148,235,255,174,182
rerun-plex1-mixtusDNA01-H6,132,140,266,266,130,130,274,274,142,142,241,241,168,178
rerun-plex1-mixtusDNA01-H7,134,134,266,268,126,126,274,277,139,145,243,255,180,182
rerun-plex1-mixtusDNA01-H8,134,142,266,268,124,124,274,277,142,145,233,235,166,186
rerun-plex1-mixtusDNA01-H9,134,136,266,266,126,128,274,277,142,142,235,243,176,180
rerun-plex1-mixtusDNA01-H10,130,140,266,268,126,136,274,277,118,133,241,243,184,186
rerun-plex1-mixtusDNA01-H11,134,134,266,266,126,130,277,277,118,148,247,251,174,178
rerun-plex1-mixtusDNA01-H12,136,144,266,268,126,128,274,277,139,145,253,261,178,182


