"","barcode_id","BT10..6FAM....1","BT10..6FAM....2","BTMS0104..6FAM....1","BTMS0104..6FAM....2","BTMS0057..VIC....1","BTMS0057..VIC....2","BTMS0086..VIC....1","BTMS0086..VIC....2","BTMS0066..NED....1","BTMS0066..NED....2","BTMS0062..NED....1","BTMS0062..NED....2","BTMS0136..PET....1","BTMS0136..PET....2","BTMS0126...1","BTMS0126...2","BTMS0059...1","BTMS0059...2","BL13...1","BL13...2","BTMS0083...1","BTMS0083...2","B126...1","B126...2"
"1","HR2_18_03",132,132,266,266,126,128,274,274,143,146,239,243,174,178,169,169,350,350,172,174,280,284,143,149
"2","PM1_16_09",134,134,266,266,126,130,277,277,134,146,241,247,172,188,169,169,350,350,172,186,280,284,147,147
"3","PM1_27_02",138,144,266,266,122,126,274,274,140,140,247,265,170,180,173,177,350,0,170,172,280,286,145,147
"4","PM1_16_02",134,168,266,266,124,134,274,277,149,149,241,243,166,168,173,173,350,350,172,174,282,292,145,149
"5","PM1_15_01",132,136,266,266,126,130,274,274,140,146,247,251,166,176,169,171,350,350,170,178,270,276,147,147
"6","NR1_43_09",140,142,266,268,126,128,274,277,143,143,245,261,172,176,169,171,350,354,166,170,280,284,145,147
"7","PM1_31_01",140,140,266,266,126,126,274,274,140,155,243,251,166,176,167,167,350,350,172,176,268,302,147,147
"8","PM1_16_08",134,146,266,266,128,130,274,274,146,146,241,241,168,172,167,169,350,350,170,170,278,288,147,149
"9","NR1_43_05",132,144,266,268,122,130,277,277,134,149,235,267,174,176,165,169,350,350,168,176,268,268,147,147
"10","PM1_19_01",132,136,266,266,124,128,274,277,134,143,241,255,182,184,167,169,350,350,174,176,274,276,145,147
"11","NR1_22_05",132,152,266,268,122,126,274,274,140,155,241,247,170,176,167,179,350,350,168,172,268,276,147,147
"12","NR1_22_01",132,152,266,268,122,126,274,274,140,143,241,247,176,178,167,179,350,350,168,172,268,276,147,147
"13","NR1_43_16",132,134,266,268,124,130,274,274,134,146,239,255,170,174,169,175,350,350,172,176,274,276,145,147
"14","PM1_07_01",132,134,266,266,128,130,274,274,137,146,247,251,176,176,169,171,350,350,172,182,276,288,145,147
"15","NR1_43_04",140,140,266,266,126,128,274,274,134,140,249,257,170,174,167,167,350,354,172,176,270,278,145,149
"16","PM1_15_03",134,138,266,266,126,132,265,274,137,146,243,251,172,174,169,169,350,354,168,176,280,302,147,147
"17","PM1_19_03",134,134,266,268,124,126,274,277,134,146,239,241,176,182,169,177,350,354,170,172,276,280,147,147
"18","NR1_43_01",132,132,266,266,128,132,274,277,137,146,235,261,170,186,167,171,350,354,166,168,268,284,147,147
"19","PM1_15_04",136,140,266,266,124,128,274,277,143,146,241,251,168,176,167,175,350,350,170,172,276,276,145,147
"20","NR1_43_12",134,138,266,268,130,132,274,277,143,149,241,243,180,182,171,171,350,350,168,170,276,280,147,147
"21","PM1_13A_01",134,140,266,266,124,124,274,277,140,146,235,241,174,182,167,173,350,350,168,174,276,284,145,147
"22","NR1_43_18",132,146,266,266,128,130,274,274,119,143,241,267,168,170,169,173,350,350,172,194,276,282,147,147
"23","PM1_19_05",134,138,266,266,124,126,274,274,140,146,239,247,176,186,177,195,350,350,166,172,268,270,145,147
"24","NR1_43_07",140,144,266,268,122,126,274,274,119,146,241,265,168,172,169,171,350,354,172,172,280,280,145,145
"25","PM1_19_04",132,134,266,266,130,130,274,277,143,146,241,243,170,178,169,173,350,354,170,172,270,276,147,149
"26","PM3_48_01",134,136,266,266,128,128,274,274,146,167,247,261,170,174,167,167,350,350,172,172,270,278,147,147
"27","W6_24_01",144,144,266,266,126,128,274,277,134,146,243,243,176,180,169,187,350,350,170,170,276,280,145,145
"28","PM3_67_01",128,142,266,266,122,124,274,274,113,143,239,259,180,182,167,167,350,350,170,174,270,276,145,145
"29","PM3_70_01",134,134,266,268,126,126,274,274,137,140,235,241,170,186,167,173,350,354,172,176,268,274,147,147
"30","W6_11_02",132,160,266,266,122,128,274,277,119,146,235,255,172,178,171,179,350,350,172,182,274,276,145,147
"31","SD8_18A_03",130,136,266,266,124,130,274,277,119,140,241,249,180,188,169,171,350,350,170,180,268,270,147,147
"32","PM8_49_01",136,138,266,266,126,130,274,277,146,155,243,247,168,174,169,169,350,350,170,176,276,278,145,147
"33","PM3_49_02",134,140,266,268,122,126,274,274,128,152,249,251,174,182,167,179,350,350,168,172,276,292,145,147
"34","W8_25_03",134,140,266,266,128,130,274,277,113,143,241,259,176,182,169,169,350,354,168,170,278,280,143,147
"35","PM3_49_03",132,142,266,266,122,124,274,274,140,146,241,253,168,178,167,171,350,350,168,170,276,298,147,147
"36","W8_18_10",134,134,266,268,126,130,274,277,134,140,241,259,168,178,171,173,350,350,172,174,280,280,145,147
"37","NR1_06A_01",144,144,266,266,126,126,274,277,146,149,249,253,168,180,169,169,350,350,174,174,282,282,147,147
"38","W6_11_03",128,132,266,266,122,124,274,277,140,140,255,257,170,178,167,169,350,350,172,176,276,276,147,147
"39","W6_22A_01",134,136,266,268,122,126,274,274,143,149,251,253,166,178,167,169,342,350,174,176,278,280,145,147
"40","SD8_36_19",132,138,266,266,120,126,277,277,143,146,247,257,176,190,167,167,350,350,168,168,270,276,145,147
"41","W8_18_03",134,144,266,266,128,136,274,277,140,140,243,257,172,176,173,173,350,350,170,172,276,280,145,147
"42","SD8_09_02",134,140,266,268,126,128,274,277,140,143,241,241,174,184,165,169,350,350,170,174,280,298,147,149
"43","W8_18_06",134,134,266,268,126,130,274,277,146,146,257,259,172,176,173,173,350,350,170,176,274,280,147,147
"44","PM3_49_04",128,140,266,266,126,132,274,277,146,146,247,251,182,186,167,169,350,350,172,174,276,276,145,147
"45","W8_18_02",128,134,266,268,122,124,274,274,143,155,243,259,172,174,169,177,350,362,168,168,276,280,145,145
"46","PM1_16_01",132,134,266,266,124,130,274,274,140,167,241,261,180,182,171,193,350,350,166,172,270,280,147,147
"47","W8_18_01",134,138,266,266,130,130,274,277,140,149,247,249,162,184,167,167,350,350,168,174,268,270,147,147
"48","PM3_48_02",136,140,266,266,128,128,274,277,146,149,229,235,162,180,167,169,350,350,168,170,268,290,145,147
"49","SD8_36_05",134,138,266,268,124,128,274,277,122,140,247,251,176,178,167,173,350,350,176,192,278,278,145,145
"50","W8_18_08",132,132,266,266,122,124,274,277,125,146,243,251,174,178,167,177,350,350,170,178,268,272,147,147
"51","W8_09_01",132,144,266,268,124,126,277,277,119,134,243,245,170,172,167,169,346,350,170,176,276,280,147,147
"52","W8_18_05",132,140,266,266,122,122,274,277,140,158,235,241,180,184,165,167,350,350,176,176,278,290,147,147
"53","W8_25_02",134,138,266,268,128,130,274,277,143,146,251,269,174,182,173,193,350,350,172,176,280,300,147,151
"54","W8_17_02",132,142,266,268,124,124,277,277,146,146,247,247,176,182,173,179,350,350,170,170,276,280,145,147
"55","SD8_39_03",132,138,266,266,124,126,277,277,143,146,239,249,168,176,167,169,350,350,170,186,268,272,145,147
"56","PM5_65_06",138,150,266,266,126,128,274,277,134,140,235,259,174,186,167,173,350,350,168,168,286,296,145,147
"57","W8_18_09",134,138,266,266,124,130,277,277,140,149,247,249,162,184,167,167,350,350,176,176,268,276,147,147
"58","W6_36_07",140,142,266,266,124,126,274,277,146,155,243,257,172,178,175,175,350,354,170,174,276,276,145,145
"59","W8_12_01",132,140,266,268,128,132,274,274,140,143,241,259,176,180,169,175,350,350,172,180,276,276,147,147
"60","PM5_65_02",136,144,266,266,128,134,274,277,140,149,243,247,170,174,169,179,350,350,172,172,270,270,147,147
"61","PM3_49_06",134,140,266,268,126,130,274,277,143,146,241,245,166,176,167,179,350,350,168,172,276,276,145,147
"62","W8_10_02",132,138,266,268,124,128,274,274,119,152,241,255,178,180,169,179,350,350,168,176,276,276,145,147
"63","SD8_36_09",128,132,266,266,126,130,277,277,122,140,241,247,168,180,169,171,350,350,168,0,276,280,147,147
"64","SD8_39_05",134,138,266,266,124,126,277,277,143,146,239,249,168,176,167,167,350,350,170,186,268,276,145,147
"65","PM5_65_01",138,150,266,266,122,128,274,277,134,140,235,259,174,186,167,173,350,350,168,168,286,292,145,147
"66","PM5_69_02",132,134,266,266,122,128,274,277,113,146,241,251,170,172,175,177,350,350,170,174,270,276,145,147
"67","PM5_42_01",128,134,266,266,124,128,274,274,134,137,241,243,162,166,171,173,350,350,168,172,276,278,145,145
"68","NR8_24_01",132,138,266,268,126,126,274,274,140,146,243,257,168,170,167,171,350,354,168,180,276,278,147,147
"69","W8_01_01",138,142,266,268,128,130,277,277,140,146,235,243,180,180,169,177,350,350,168,168,280,290,145,147
"70","SD8_18A_02",134,142,266,268,126,130,274,277,146,152,253,267,176,184,169,189,350,350,170,176,278,280,147,147
"71","SD8_40_03",132,138,266,268,126,132,274,277,146,149,243,249,168,180,165,169,350,350,168,168,270,280,145,147
"72","PM5_65_03",136,144,266,266,128,134,274,277,140,149,243,247,170,174,169,169,350,350,172,172,270,270,147,147
"73","W8_25_01",132,134,266,268,126,128,277,277,143,155,243,247,170,182,167,169,350,350,172,176,280,294,145,147
"74","SD8_28_06",140,144,266,266,124,126,274,274,140,146,235,243,166,172,165,167,350,350,172,174,274,282,145,147
"75","W8_18_07",132,132,266,268,126,130,274,277,134,146,235,251,172,190,177,177,350,350,168,170,276,276,147,147
"76","SD8_39_06",134,134,266,268,124,124,274,274,137,146,235,243,174,174,167,187,350,350,168,172,268,276,145,147
"77","PM5_65_05",144,144,266,268,124,128,274,274,143,146,243,243,172,180,167,171,350,350,172,174,270,290,147,147
"78","PM5_41_01",140,140,266,266,122,124,274,277,137,143,235,253,178,190,173,187,350,350,172,194,270,280,145,147
"79","SD8_39_09",138,138,266,266,122,130,274,277,143,146,255,259,168,182,175,175,350,350,172,176,276,276,147,147
"80","SD8_18A_01",134,138,266,268,128,128,274,274,146,149,241,255,170,172,171,173,350,350,168,172,278,296,145,147
"81","W8_10_01",132,142,266,266,126,128,274,277,134,176,241,243,180,182,169,175,350,354,170,172,268,294,147,147
"82","SD8_36_06",132,144,266,266,122,122,277,277,137,146,231,235,174,186,169,169,350,350,168,178,270,302,147,147
"83","ED8_25A_02",132,134,266,266,122,124,274,274,140,140,247,259,170,178,167,171,350,354,170,188,272,278,147,147
"84","ED8_06_03",140,142,266,268,124,132,274,277,134,140,231,253,166,176,167,169,350,350,172,178,268,276,147,147
"85","SD8_40_01",134,142,266,268,126,130,274,277,146,152,243,253,176,184,167,169,350,350,170,176,270,278,147,147
"86","SD8_36_10",128,132,266,266,126,130,277,277,122,140,239,247,172,180,169,171,350,350,168,0,276,280,147,147
"87","SD8_25_01",130,142,266,268,120,130,274,274,143,146,241,251,180,180,167,175,350,350,168,168,276,282,145,147
"88","NR7_22_03",132,134,266,266,124,126,274,277,134,155,243,255,168,174,169,169,350,354,168,174,276,280,147,147
"89","PM5_65_04",138,144,266,266,124,130,274,274,146,146,243,247,168,178,171,181,350,350,170,178,276,276,145,145
"90","SD8_31A_01",132,138,266,266,126,130,274,274,134,146,241,259,166,184,169,171,350,350,168,172,270,302,145,147
"91","W8_22A_01",134,138,266,268,126,128,277,277,137,143,241,253,176,188,167,169,350,350,168,178,284,290,145,147
"92","SD8_36_12",128,132,266,266,126,126,274,277,122,140,239,247,168,180,165,171,350,350,172,0,270,276,147,147
"93","SD8_24_01",132,134,266,268,126,132,274,274,140,140,255,263,168,172,167,173,350,350,168,170,268,276,147,147
"94","SD8_36_15",138,138,266,266,128,130,274,274,143,155,241,243,178,178,173,173,350,350,170,174,272,280,147,147
"95","SD8_36_17",130,134,266,266,122,132,274,277,134,146,247,271,176,180,169,169,350,350,174,176,276,302,147,147
"96","SD8_25_03",132,140,266,266,126,128,274,274,134,146,231,243,174,180,169,169,350,350,172,174,280,284,147,149
"97","SD8_24_03",132,144,266,266,128,130,274,277,140,146,243,247,182,186,171,179,0,0,168,174,270,294,145,147
"98","HR5_07A_02",132,144,266,268,122,126,274,274,143,146,241,269,182,190,167,169,350,350,168,174,278,302,147,147
"99","SD8_29_06",134,134,266,268,124,130,274,274,134,146,247,259,180,190,167,169,350,354,170,172,270,280,145,147
"100","PM7_72A_04",132,134,266,266,124,128,274,274,134,146,229,241,180,186,167,169,350,350,170,172,280,280,147,147
"101","SD8_39_11",132,146,266,266,124,126,274,277,146,146,241,289,174,178,169,171,350,350,172,182,270,280,145,147
"102","SD8_09_03",132,136,266,266,126,128,274,277,140,146,239,247,188,188,175,177,350,350,168,178,278,280,147,147
"103","NR7_24_02",134,140,266,268,122,126,274,274,146,146,247,255,176,184,167,169,350,350,170,174,268,274,145,147
"104","NR7_09_05",132,134,266,266,126,130,274,274,134,146,235,255,172,180,169,171,350,350,172,178,268,280,145,147
"105","SD8_24_07",132,140,266,266,124,128,274,274,140,140,247,255,174,174,169,173,350,350,172,172,276,276,145,145
"106","PM7_70_01",128,160,266,266,122,126,274,277,122,137,241,241,178,186,169,177,350,354,168,174,280,282,147,149
"107","PM7_65_01",136,138,266,266,128,128,274,274,140,143,241,245,180,188,165,167,350,350,168,168,272,280,145,147
"108","PM7_65_02",130,142,266,268,124,126,274,0,137,146,241,241,168,178,167,169,350,350,170,172,268,276,145,145
"109","NR7_22_02",138,138,266,268,126,126,277,277,155,161,241,243,170,174,173,175,0,0,170,176,278,282,145,147
"110","SD8_36_25",134,136,266,266,124,126,274,274,137,155,241,259,172,184,167,173,350,350,172,0,274,280,145,147
"111","HR7_07A_03",140,144,266,266,124,128,274,274,146,146,235,241,176,184,169,173,350,350,170,172,282,290,147,147
"112","PM7_63_01",132,132,266,266,124,126,274,277,140,146,241,247,176,194,171,173,350,350,170,172,280,302,147,147
"113","NR7_16_02",134,166,266,266,124,130,274,274,113,146,245,273,174,176,173,193,350,350,166,172,276,278,147,147
"114","NR7_27_06",132,142,266,268,126,130,274,274,146,191,249,255,162,180,167,175,350,350,174,0,268,280,147,147
"115","HR7_27_03",134,144,266,266,130,132,274,274,146,146,243,257,176,178,171,183,350,354,172,176,280,284,145,147
"116","HR7_14_01",134,136,266,266,122,126,274,277,146,146,249,255,182,192,169,187,350,350,170,176,276,282,145,147
"117","HR10_36_04",134,136,266,266,126,126,274,277,146,146,249,255,182,192,169,187,350,350,170,174,276,282,145,147
"118","PM7_72A_03",132,138,266,266,126,128,274,274,140,140,243,251,170,180,165,187,350,354,168,170,276,276,145,145
"119","HR7_12C_07",132,134,266,268,126,130,274,277,140,146,241,247,176,178,167,169,0,0,172,174,274,294,145,145
"120","HR10_36_01",138,142,266,268,126,126,274,274,146,146,247,257,172,174,165,167,350,350,168,168,280,280,147,147
"121","HR7_10_06",132,134,266,266,126,128,274,274,140,146,243,255,176,188,169,169,350,350,170,174,270,284,147,147
"122","HR7_04_05",132,132,266,268,124,126,274,274,140,146,241,243,172,180,171,175,350,350,172,174,276,280,147,147
"123","HR3_07_02",128,144,266,266,124,126,274,274,134,137,249,253,172,178,171,173,350,350,170,176,274,276,147,147
"124","HR3_07_03",132,142,266,266,124,126,274,277,134,140,241,273,172,180,167,167,350,350,168,170,268,280,145,147
"125","HR3_32_18",134,142,266,266,128,132,274,277,143,146,247,253,172,182,167,169,350,350,168,170,268,280,145,147
"126","HR3_07_04",132,134,266,266,126,130,274,274,140,146,253,255,178,178,167,177,350,354,170,172,268,270,145,147
"127","HR3_11_03",130,152,266,266,128,130,274,277,146,158,231,239,168,168,169,175,350,350,172,182,278,280,145,147
"128","HR3_07_10",132,134,266,266,128,130,274,274,146,149,231,239,172,178,177,179,350,350,170,172,276,280,147,147
"129","HR3_07_08",132,142,266,268,124,126,274,277,119,140,241,273,172,186,167,179,350,350,168,170,268,294,145,147
"130","HR3_32_20",132,134,266,266,128,130,274,274,134,140,243,255,174,176,171,173,350,350,170,176,270,276,145,147
"131","HR3_19A_17",132,138,268,268,122,130,274,274,140,140,241,267,166,176,167,169,0,0,170,176,276,280,145,147
"132","HR3_19A_13",140,144,266,268,126,130,274,277,140,146,235,245,174,178,167,171,350,350,170,172,268,296,145,147
"133","HR3_32_04",128,132,266,268,124,126,274,277,140,146,235,241,188,190,169,169,350,350,172,174,268,272,145,147
"134","HR3_21A_03",140,148,266,266,124,124,274,274,143,146,245,263,172,178,169,171,350,350,168,168,274,280,147,147
"135","HR3_06_04",134,138,266,268,124,126,274,277,119,143,247,251,174,178,165,173,350,350,172,174,268,298,147,147
"136","HR3_32_17",142,144,266,266,128,134,274,274,134,146,241,243,180,190,173,175,350,350,168,172,268,290,147,147
"137","HR3_23_04",134,134,266,266,126,130,274,274,146,146,235,243,166,172,171,177,350,350,168,168,268,280,147,147
"138","HR3_32_21",134,140,266,266,130,130,274,274,134,146,243,251,178,186,167,175,350,350,182,182,270,280,147,147
"139","HR3_07_05",134,144,266,268,126,128,274,274,140,146,243,243,168,192,173,173,350,350,170,176,272,280,145,147
"140","HR3_19A_40",134,138,266,266,116,122,274,277,143,146,241,241,176,184,165,169,350,350,170,172,270,280,145,145
"141","HR3_18_01",134,134,266,266,122,130,274,277,146,146,241,241,174,182,169,177,350,350,168,172,268,276,145,147
"142","ED7_09_01",132,138,266,266,124,126,274,277,140,146,253,259,172,174,169,187,0,0,170,174,276,298,145,147
"143","PM6_70_07",138,138,266,266,128,128,274,274,143,164,241,243,180,182,177,187,350,350,168,172,270,276,147,147
"144","W3_35_04",134,138,266,266,122,130,277,277,134,140,245,259,172,192,167,177,350,350,168,176,268,276,147,147
"145","ED7_10_01",138,144,266,268,124,126,274,274,146,146,243,271,166,188,169,177,350,350,172,192,268,294,147,147
"146","PM6_70_12",132,138,266,266,124,126,274,274,140,146,243,247,176,180,167,169,350,350,170,178,268,292,145,147
"147","W7_02_01",134,136,266,266,124,126,274,274,146,146,243,243,172,186,171,173,350,350,174,176,268,276,147,147
"148","PM6_65_03",132,138,266,268,124,130,274,277,140,143,241,241,178,194,167,177,350,350,168,170,268,282,145,147
"149","W7_18_03",132,134,266,268,124,126,274,274,143,146,235,239,174,184,167,171,350,350,172,176,280,302,147,147
"150","W7_02_05",132,138,266,268,126,128,274,274,137,146,0,0,164,168,171,175,350,354,172,172,268,270,147,147
"151","HR3_19A_14",134,134,268,268,130,130,274,274,140,140,247,247,174,174,169,169,350,350,168,168,280,280,147,147
"152","PM6_47_02",140,142,266,266,124,128,274,277,134,143,255,267,170,170,169,171,350,350,174,0,272,276,147,147
"153","W7_18_02",132,134,266,266,122,130,274,277,125,146,247,251,174,178,167,167,350,350,170,176,272,280,147,147
"154","HR3_32_05",132,140,266,266,124,128,274,277,113,140,241,243,174,178,169,175,0,0,170,174,268,278,147,147
"155","PM6_70_03",130,134,266,268,124,128,274,274,146,146,241,247,154,186,167,169,350,350,170,172,268,276,145,145
"156","ED7_22B_03",138,138,266,266,130,130,274,274,119,143,241,255,174,184,171,187,350,350,158,182,280,296,147,147
"157","HR3_14_02",128,136,266,266,126,126,274,277,137,143,235,241,176,178,169,177,350,354,168,172,286,290,145,147
"158","W7_18_04",132,140,266,266,122,126,274,277,143,143,241,251,176,182,169,169,350,350,170,172,268,268,145,147
"159","HR3_32_02",132,134,266,266,126,126,274,277,146,146,235,253,178,188,167,169,350,350,168,168,268,280,145,145
"160","HR3_19A_12",130,134,266,266,122,128,274,277,137,146,241,259,168,168,169,179,350,350,168,168,280,280,147,147
"161","HR3_07_01",140,142,266,266,128,130,274,274,143,146,249,261,172,182,167,167,350,350,172,176,276,284,147,147
"162","ED7_20A_02",142,152,266,268,122,128,274,274,140,146,235,243,172,190,163,169,350,350,168,170,284,300,145,147
"163","W7_18_06",132,132,266,266,122,124,274,274,125,146,243,251,174,178,167,167,350,350,170,178,268,272,147,147
"164","PM6_65_02",128,132,266,266,122,124,274,274,134,137,243,243,182,184,167,169,350,350,172,174,276,280,145,147
"165","W7_08_01",142,144,266,266,124,128,274,274,137,143,241,241,170,176,167,169,350,350,170,0,270,276,147,147
"166","ED7_02_01",130,134,266,266,126,130,274,277,140,143,241,243,176,184,187,187,0,0,166,170,276,276,145,147
"167","PM6_70_02",134,136,266,266,124,126,274,274,143,146,235,249,182,182,171,179,350,350,168,172,274,278,147,147
"168","W7_25_02",132,144,266,266,124,124,274,277,146,149,241,257,170,188,169,185,350,350,170,172,268,276,145,147
"169","HR3_04_01",134,134,266,268,126,126,274,277,140,143,241,269,180,180,165,169,350,354,170,172,274,278,147,147
"170","W7_25_03",134,138,266,268,126,130,274,274,143,146,251,269,174,182,173,193,350,350,172,176,288,300,147,151
"171","PM6_61_02",134,134,266,266,124,126,274,277,140,146,235,243,166,172,177,179,350,350,172,182,268,276,145,145
"172","PM6_65_05",138,146,266,268,124,130,277,277,146,146,247,249,180,180,173,175,350,350,168,172,276,278,147,147
"173","PM6_70_11",134,140,266,268,124,130,274,277,143,167,247,259,176,180,167,169,350,350,170,172,268,276,145,147
"174","PM6_70_05",138,140,266,266,124,128,274,277,137,149,241,247,178,186,167,185,350,350,172,188,276,276,147,147
"175","PM6_49_01",138,140,266,266,126,126,277,277,137,137,249,253,174,178,165,187,350,350,170,174,268,276,147,147
"176","W7_18_05",132,140,266,268,122,124,274,277,140,158,235,241,180,184,165,167,350,350,168,176,276,290,147,147
"177","W7_09_01",132,134,266,266,128,130,274,274,113,143,241,255,176,182,169,169,350,354,168,170,276,278,145,147
"178","PM6_70_10",134,144,266,266,126,128,274,274,146,155,241,241,174,184,169,169,0,0,0,0,270,276,145,147
"179","W7_16_03",134,134,266,266,126,128,274,274,146,161,241,243,182,188,167,185,350,354,170,172,280,280,145,147
"180","ED7_06_01",140,152,266,266,128,128,274,277,143,152,253,279,172,176,169,171,350,350,172,176,274,288,147,147
"181","W7_02_04",132,142,266,266,122,126,274,274,134,146,241,253,170,178,167,173,350,354,168,168,276,276,147,147
"182","ED7_06_03",128,134,266,268,124,130,274,274,146,161,243,251,162,174,169,169,350,350,168,168,276,282,145,147
"183","W7_24_04",134,134,266,266,126,126,274,277,140,146,247,247,184,192,171,171,350,350,170,172,282,290,145,147
"184","W3_05_04",132,134,266,268,124,126,274,274,140,152,241,253,170,174,169,169,350,350,176,176,268,276,147,147
"185","W7_16_04",134,142,266,268,126,132,274,277,137,140,247,257,180,182,189,189,350,350,174,214,268,280,147,147
"186","W3_36_01",132,132,266,266,128,132,274,277,146,167,255,259,174,186,167,167,350,350,172,190,276,278,145,147
"187","SD3_26_01",130,148,266,266,122,128,274,277,146,152,247,255,172,176,167,177,350,350,170,170,268,280,147,147
"188","SD3_26_05",132,136,266,266,124,130,274,277,140,146,235,243,176,184,171,175,350,350,172,176,276,280,147,147
"189","W4_36_02",128,134,266,268,124,124,274,277,143,146,239,241,180,180,169,171,350,350,176,176,274,276,145,147
"190","HR3_32_07",138,140,266,266,122,124,274,274,140,146,241,243,168,174,169,173,350,350,170,170,280,280,147,147
"191","HR3_07_07",132,134,266,268,124,126,274,277,134,140,241,273,172,180,167,179,350,350,168,170,266,278,145,147
"192","HR3_32_25",134,138,266,268,124,126,274,277,143,146,243,243,170,180,169,193,350,350,168,170,276,276,145,147
"193","HR3_19A_18",144,144,266,266,128,130,274,274,140,146,241,251,176,190,169,169,350,350,170,170,276,288,145,147
"194","HR3_19A_37",134,138,266,266,130,130,274,274,134,140,253,257,178,184,167,189,350,350,170,170,276,282,145,147
"195","HR3_32_23",138,140,266,266,124,128,274,277,140,167,241,245,168,176,167,187,350,350,168,172,276,276,147,149
"196","HR3_19A_11",144,144,266,266,128,130,274,274,146,146,247,259,170,176,173,177,350,354,170,172,270,276,145,147
"197","HR3_19A_25",134,142,266,266,126,130,277,277,146,146,243,245,166,180,169,177,350,350,168,168,280,280,145,147
"198","W3_05_06",132,142,266,266,122,126,274,274,140,155,231,239,174,182,163,169,350,350,174,176,268,284,145,145
"199","HR3_19A_28",132,136,266,268,122,124,277,277,146,146,241,255,174,180,169,173,350,354,170,174,280,280,145,147
"200","HR3_03_02",132,136,266,266,132,132,274,274,140,146,243,247,168,178,171,171,350,350,214,214,268,278,147,147
"201","HR3_19A_10",138,140,266,266,126,128,274,277,146,149,235,251,180,180,167,167,350,350,172,174,268,276,147,147
"202","HR3_23_03",140,142,266,266,124,128,274,274,113,146,241,255,184,188,169,181,350,350,168,170,276,278,147,147
"203","HR3_32_10",134,138,266,266,126,130,277,277,146,155,241,241,166,168,171,171,350,350,170,176,276,276,145,147
"204","HR3_07_09",132,142,266,266,122,128,274,274,134,146,237,255,172,174,173,179,350,350,174,174,272,280,147,147
"205","HR3_19A_16",134,134,266,266,122,122,274,274,146,149,237,251,168,184,169,185,350,354,168,168,268,278,145,147
"206","HR3_07_11",136,136,266,266,122,130,274,274,113,149,241,243,172,176,167,169,350,350,170,176,282,284,147,147
"207","HR2_34_03",140,142,266,266,128,128,277,277,143,149,235,241,160,178,169,169,350,354,168,170,268,280,145,147
"208","W7_18_07",134,144,266,268,128,136,274,277,140,140,243,257,168,172,173,173,350,350,170,172,276,280,145,147
"209","SD3_26_06",138,140,266,266,126,128,274,277,125,146,243,247,168,190,169,177,350,350,166,172,276,296,147,147
"210","W3_35_02",132,144,266,266,128,132,274,274,146,146,249,255,170,182,165,169,350,350,172,174,276,280,147,147
"211","HR2_36_02",136,136,266,266,128,128,277,277,134,134,243,243,182,182,169,169,350,350,170,170,268,268,147,147
"212","HR2_16_04",134,140,266,266,128,132,274,277,140,149,243,257,176,186,167,169,350,350,170,176,276,276,145,145
"213","W7_35_01",138,138,266,266,126,128,274,274,140,140,241,253,172,182,169,177,350,350,174,176,276,296,145,147
"214","PM6_70_04",136,160,266,266,124,124,277,277,140,146,245,247,174,174,169,173,0,0,164,172,270,276,145,147
"215","SD3_04_01",134,150,266,268,126,128,274,274,134,146,241,255,160,184,169,173,350,350,170,176,276,292,145,147
"216","HR2_06_05",134,136,266,266,124,126,274,277,140,146,241,247,172,178,167,171,350,350,172,174,270,282,147,147
"217","W4_18A_12",134,136,266,268,122,126,274,274,143,155,243,259,172,174,169,177,350,350,168,172,276,280,145,145
"218","W4_36_07",138,140,266,266,124,124,274,277,113,170,235,249,174,180,167,167,350,354,170,174,276,282,145,147
"219","HR2_21_01",134,134,266,268,124,126,274,274,134,137,241,253,172,180,165,169,350,354,172,174,280,292,147,147
"220","W7_02_02",132,146,266,268,124,128,274,277,152,158,243,251,166,184,175,187,350,350,170,172,276,276,147,147
"221","HR2_03_01",138,140,266,268,128,130,274,274,143,146,241,249,174,184,167,167,350,350,172,174,276,280,145,147
"222","HR2_28_02",132,140,266,266,126,130,274,274,146,149,243,269,172,174,171,175,350,354,168,168,276,280,145,147
"223","SD3_30_02",136,138,266,266,116,122,274,277,140,146,243,273,178,190,171,179,350,350,168,176,290,292,147,149
"224","PM2_52_09",134,144,266,268,124,126,274,277,146,176,241,249,178,182,169,177,350,350,170,190,270,294,145,147
"225","W4_31_01",138,144,266,266,128,128,274,274,140,146,241,243,180,188,165,167,350,350,168,172,276,276,147,147
"226","W4_05_01",132,138,266,266,124,128,274,277,146,146,241,243,172,178,171,171,350,350,168,176,268,276,147,147
"227","W7_18_08",134,134,266,266,124,124,274,274,140,146,235,247,168,190,169,173,350,350,172,176,276,280,147,147
"228","SD3_39_34",134,134,266,266,116,130,274,274,158,167,243,255,178,182,169,169,350,350,170,176,268,280,147,147
"229","ED7_19A_04",134,146,266,266,126,128,274,274,134,140,241,249,184,188,187,189,350,350,168,172,276,278,145,147
"230","W4_36_06",132,134,266,266,126,132,274,277,146,167,255,261,174,186,167,171,350,350,172,178,276,278,145,147
"231","SD3_30_01",132,136,266,268,124,126,274,277,140,140,243,259,184,192,165,177,350,350,170,178,268,276,147,147
"232","W4_40_03",132,140,266,266,124,126,274,277,143,146,241,259,174,182,177,187,350,350,170,172,278,284,145,149
"233","W4_26_03",132,144,266,268,128,130,274,277,134,146,249,261,170,186,169,171,350,350,170,176,276,276,145,147
"234","W4_40_02",132,132,266,266,126,128,274,274,146,155,241,243,170,180,167,187,350,350,170,170,276,278,145,147
"235","W4_25_02",130,136,266,268,124,132,274,274,134,140,235,243,170,178,169,173,350,350,168,172,272,280,145,147
"236","W4_05_02",130,144,266,268,124,128,274,274,140,146,241,255,170,178,167,169,350,350,170,172,276,278,145,145
"237","SD3_26_04",142,160,266,266,124,126,274,274,146,161,241,243,168,188,169,169,350,350,174,0,268,280,147,147
"238","W4_24_02",132,144,266,266,124,128,274,277,146,149,243,255,186,186,169,173,350,350,170,174,294,298,147,147
"239","HR2_25_03",132,134,266,266,124,126,274,274,134,146,243,255,168,172,165,175,350,350,170,170,280,282,145,147
"240","W4_21_01",140,146,266,266,124,132,274,277,134,140,243,249,154,174,169,175,350,350,168,172,272,276,145,147
"241","W4_11_01",140,144,266,268,126,130,274,274,143,146,243,257,168,192,167,167,350,350,168,174,272,276,145,147
"242","W4_18A_15",134,142,266,268,126,130,274,277,146,146,249,269,172,176,167,171,350,354,168,172,280,280,147,147
"243","W4_26_01",140,142,266,266,126,128,274,274,146,149,243,243,180,192,167,169,350,350,168,170,276,280,147,147
"244","W4_30_03",134,146,266,266,122,128,274,274,131,140,243,253,168,182,169,173,350,350,170,170,276,284,145,147
"245","W4_30_04",134,136,266,266,124,126,274,277,134,134,241,243,176,180,167,169,350,350,174,0,282,302,147,147
"246","W9_11_01",128,134,266,268,124,124,274,274,146,155,243,249,176,186,167,177,350,350,158,180,276,282,145,147
"247","W9_25_03",134,138,266,268,128,130,274,274,143,146,251,269,174,182,167,193,350,350,172,176,288,300,147,147
"248","W9_12_02",134,140,266,268,124,132,277,277,137,140,251,251,174,184,169,169,350,350,170,178,276,276,145,147
"249","ED8_25A_03",132,132,266,266,124,124,274,277,143,146,241,241,170,190,167,169,350,350,176,180,276,280,145,147
"250","W9_22A_02",136,144,266,268,122,124,274,274,143,146,241,251,168,180,177,187,350,354,168,170,276,276,147,147
"251","W9_18_06",142,142,266,266,126,126,274,274,143,149,249,257,180,192,169,175,350,350,172,172,276,294,145,145
"252","W9_18_02",134,134,266,266,124,124,274,274,146,149,235,247,182,190,169,173,350,350,166,172,276,280,147,147
"253","ED8_15_01",134,134,266,266,124,126,274,277,146,146,243,243,168,170,171,173,350,350,168,172,288,298,145,149
"254","ED10_21A_08",142,144,266,266,124,130,274,274,137,140,251,259,172,176,167,169,350,350,166,176,276,278,145,147
"255","W9_21_01",132,134,266,266,126,130,274,274,137,140,235,257,168,170,171,171,350,350,168,174,276,276,145,145
"256","ED6_22A_01",132,146,266,268,124,124,274,274,146,149,237,257,168,174,167,167,350,350,176,176,276,290,147,147
"257","PM8_49_02",134,144,266,266,124,128,274,277,146,149,235,241,174,180,171,187,350,350,170,176,268,280,147,147
"258","ED6_28A_05",134,136,266,266,126,126,274,277,143,152,243,267,168,178,169,177,350,350,168,174,278,280,147,149
"259","W9_23A_04",132,134,266,266,124,132,274,274,134,146,243,253,170,182,167,171,350,350,166,172,268,276,147,147
"260","W9_19_01",138,140,266,268,124,132,274,274,140,152,243,257,168,180,171,173,350,350,180,180,276,280,145,145
"261","HR8_27_05",134,134,266,266,126,130,274,277,143,149,239,249,168,190,173,175,350,350,168,172,276,282,147,147
"262","ED8_22B_03",138,148,266,266,130,130,274,277,143,146,243,251,172,174,167,187,350,354,170,174,274,276,145,147
"263","W9_10_02",132,140,266,266,126,130,274,274,134,146,247,249,172,174,171,171,350,350,170,172,276,276,147,149
"264","W9_17_02",134,140,266,268,122,128,274,277,134,140,241,243,178,178,167,177,350,350,170,170,276,284,145,147
"265","W4_26_02",132,134,266,266,128,128,274,277,119,143,241,259,182,184,169,179,346,350,172,176,276,286,147,147
"266","ED6_13_24",134,138,266,268,122,122,274,277,134,146,231,243,166,176,169,175,350,350,168,172,272,276,147,147
"267","W9_17_01",132,138,266,266,124,128,274,277,140,146,241,251,172,178,167,167,350,350,168,176,286,288,145,147
"268","W9_23A_05",132,134,266,266,124,128,274,274,134,146,235,253,170,182,169,171,350,350,172,178,276,302,145,147
"269","HR1_12A_01",134,138,266,266,124,126,274,277,143,149,241,265,182,182,167,173,350,350,170,174,268,280,145,147
"270","ED6_13_12",134,144,266,268,122,126,274,274,140,146,235,243,176,188,173,175,350,354,172,180,270,270,145,147
"271","W9_23A_03",132,134,266,266,124,130,274,274,146,155,235,255,170,174,167,173,350,350,170,172,278,280,145,147
"272","ED6_22A_04",132,138,266,268,124,130,274,277,119,143,235,245,168,176,167,169,350,350,172,174,270,276,145,147
"273","ED6_06_04",134,138,266,266,128,128,274,277,131,140,235,249,178,192,171,187,350,350,178,188,268,280,145,149
"274","ED8_06_04",140,140,266,266,122,128,274,274,140,146,241,245,166,168,169,173,350,350,168,172,278,280,145,147
"275","W9_18_05",134,134,266,266,128,132,274,274,125,143,241,251,178,184,167,167,350,354,168,178,272,278,147,147
"276","W9_10_03",134,138,266,266,126,132,274,274,149,155,241,241,170,196,167,167,350,350,170,172,276,276,147,147
"277","HR8_24_02",130,138,266,266,124,128,274,277,140,146,243,245,170,186,165,169,350,350,178,0,274,278,145,147
"278","ED6_28A_02",128,134,266,268,124,128,277,277,146,146,241,241,168,172,169,171,350,350,170,176,280,298,145,145
"279","SD9_08_02",134,144,266,266,124,126,274,277,140,146,0,0,166,172,167,173,350,350,172,176,276,280,145,147
"280","PM6_70_06",140,140,266,268,116,128,274,274,137,137,241,253,172,180,167,181,350,350,170,170,268,298,147,147
"281","PM6_70_09",142,144,266,266,124,128,274,274,146,155,243,245,168,168,171,171,350,350,170,172,268,276,145,147
"282","ED7_24A_02",134,144,266,266,124,126,274,277,137,140,243,243,174,178,171,173,350,350,168,172,268,280,145,147
"283","HR3_07_06",142,144,266,268,116,124,274,274,140,140,241,243,168,176,169,185,350,350,170,176,268,278,147,147
"284","W7_02_03",138,142,266,266,126,132,274,274,146,158,241,253,168,186,167,169,350,354,172,178,278,280,147,149
"285","ED7_06_02",136,136,266,268,124,128,274,277,137,137,235,241,178,178,167,175,350,350,168,172,278,280,145,147
"286","PM6_65_01",130,142,266,268,124,126,274,277,137,146,241,273,168,178,167,169,350,354,170,172,268,276,145,145
"287","HR3_32_13",138,140,266,266,122,124,274,274,140,146,241,243,174,182,167,173,350,350,170,170,280,284,145,147
"288","PM6_70_08",134,144,266,266,126,128,274,274,134,170,241,245,170,170,171,173,350,354,168,170,272,280,147,147
"289","PM6_65_04",132,138,266,268,124,130,274,277,140,143,241,241,178,194,167,167,350,350,168,170,268,282,145,145
"290","W7_18_01",132,134,266,268,126,128,274,274,134,137,241,241,174,186,167,193,350,350,170,174,268,284,145,147
"291","HR3_03_06",134,136,266,266,126,128,274,277,137,137,247,255,172,176,167,171,350,350,170,172,280,280,145,147
"292","ED6_14_01",136,144,266,266,126,126,274,277,143,146,243,247,170,172,165,169,350,350,172,188,276,292,145,147
"293","W9_21_02",132,134,266,266,126,126,274,274,143,146,249,255,176,186,169,171,350,350,172,176,278,280,145,147
"294","SD9_24_09",132,136,266,266,124,128,274,274,140,146,239,247,188,188,175,177,350,350,168,178,268,278,147,147
"295","W9_10_01",134,138,266,266,126,132,274,274,137,140,247,251,172,176,167,175,350,350,180,214,270,280,147,147
"296","W9_30_01",134,142,266,266,124,126,274,274,146,158,241,241,174,190,171,193,350,350,166,176,268,282,145,147
"297","ED8_06_02",138,156,266,266,128,130,277,277,131,140,235,241,178,192,171,187,350,350,176,188,268,268,145,149
"298","W9_20_02",132,136,266,266,122,126,277,277,134,146,241,255,180,184,167,171,350,354,170,172,276,280,147,147
"299","W9_23A_01",128,138,266,266,126,130,274,274,140,146,243,243,166,174,171,171,350,350,172,176,268,270,147,147
"300","ED6_22A_05",134,134,266,268,122,124,274,277,140,146,243,255,172,180,169,177,350,350,172,0,268,290,147,149
"301","W9_17_03",134,140,266,268,122,128,274,274,134,140,241,259,170,178,167,177,350,350,170,170,276,284,145,147
"302","W9_22A_03",132,134,266,266,126,128,274,277,134,146,241,251,174,180,169,177,350,354,170,170,268,278,147,147
"303","W9_18_01",134,134,266,268,126,130,274,274,146,146,259,261,172,172,169,173,350,350,170,176,274,280,147,149
"304","ED6_07_02",128,134,266,266,124,130,274,274,146,146,255,255,178,184,167,181,350,350,168,176,270,298,147,147
"305","ED6_22B_02",134,134,266,266,128,130,274,277,146,149,241,243,172,178,167,169,350,354,168,170,276,280,147,147
"306","ED6_26A_01",136,142,266,268,126,126,274,274,143,146,251,269,176,184,169,185,350,350,166,170,276,276,145,147
"307","ED6_13_07",132,132,266,268,128,130,274,277,119,140,241,247,184,188,167,173,350,350,170,178,268,282,145,147
"308","ED6_27A_05",132,134,266,266,122,128,274,274,143,146,231,243,178,182,167,173,350,350,176,178,276,280,145,147
"309","ED6_22A_03",134,134,266,268,124,128,274,277,140,146,235,247,180,182,165,171,350,354,170,174,268,276,147,147
"310","W9_20_01",132,142,266,268,128,128,274,274,143,146,235,247,176,182,169,169,350,354,176,176,268,280,147,147
"311","SD9_09_07",132,144,266,268,128,130,274,274,140,146,241,259,178,192,167,187,350,350,170,170,276,280,147,147
"312","ED6_13_17",132,144,266,266,124,126,274,274,140,146,241,257,174,184,167,173,350,350,174,176,276,280,147,147
"313","ED6_13_13",130,134,266,268,126,128,274,277,146,146,231,269,166,174,167,175,350,350,170,176,276,280,147,147
"314","ED6_22A_06",136,150,266,266,128,128,274,274,146,152,239,257,182,182,169,171,350,350,170,176,268,272,145,147
"315","ED6_09_04",128,128,266,268,128,128,274,277,134,140,251,257,164,170,167,169,350,350,170,170,276,298,145,147
"316","ED6_06_02",128,134,266,266,126,130,277,277,140,140,241,261,172,184,169,171,350,350,170,170,270,270,145,145
"317","W9_18_04",134,144,266,268,122,122,274,277,152,158,251,255,166,190,169,187,350,350,168,176,276,276,0,0
"318","HR8_25_02",134,140,266,268,124,126,274,277,134,146,241,255,170,188,169,171,350,350,172,174,272,280,145,147
"319","ED6_02_02",138,138,266,268,124,124,274,274,119,134,239,259,170,174,169,187,350,350,168,170,268,268,145,149
"320","ED6_14_02",134,152,266,266,124,126,274,277,140,149,239,249,174,178,167,173,350,354,170,190,270,276,145,147
"321","ED6_27A_10",132,150,266,266,126,130,277,277,134,146,241,269,176,176,167,169,350,354,172,174,278,280,145,147
"322","NR2_06A_01",144,144,266,266,126,126,274,277,146,149,247,249,168,180,169,169,350,350,174,174,282,282,147,147
"323","SD9_18A_01",132,132,266,266,126,126,277,277,146,155,235,257,166,180,169,171,350,350,170,180,292,294,147,147
"324","SD9_18A_04",134,138,266,266,124,128,274,277,134,149,241,241,168,180,169,173,350,350,168,168,276,276,147,147
"325","SD9_18A_02",142,142,266,266,126,130,274,274,146,152,241,249,170,186,169,179,350,350,168,168,276,276,145,147
"326","SD9_36_09",132,144,266,266,126,130,274,274,140,143,235,243,182,190,167,175,350,350,172,176,274,276,145,147
"327","SD9_09_05",134,134,266,268,124,130,274,274,134,146,235,241,168,196,169,171,346,350,168,178,280,280,147,147
"328","SD9_36_06",136,144,266,268,122,124,274,274,143,146,235,251,174,184,169,177,350,354,176,178,280,296,147,149
"329","SD9_03_01",134,134,266,266,124,126,274,277,146,155,235,235,176,178,167,169,350,350,172,174,276,278,147,147
"330","SD9_36_08",134,138,266,266,126,130,274,277,140,146,241,255,184,188,167,169,350,350,168,168,268,284,145,147
"331","ED6_28A_07",132,168,266,268,122,128,274,277,140,146,235,243,172,174,169,169,350,350,168,170,268,268,147,147
"332","SD9_03_04",140,142,266,266,124,130,274,274,143,155,239,241,176,182,175,189,350,350,178,186,270,286,145,147
"333","ED6_27A_04",128,138,266,268,126,126,274,274,134,143,243,271,172,178,167,169,350,350,168,172,280,280,145,147
"334","SD9_39_02",136,140,266,266,122,128,274,277,146,146,235,255,160,182,167,171,350,350,170,170,268,268,147,147
"335","SD9_39_04",134,142,266,268,124,128,277,277,146,155,245,269,180,182,167,177,350,350,172,178,272,276,145,149
"336","SD9_09_06",134,144,266,266,124,126,274,274,143,146,235,243,172,186,165,169,350,350,174,190,276,292,147,147
"337","ED10_29_06",134,144,266,266,122,124,274,274,146,182,241,255,182,184,169,171,350,350,168,172,280,296,147,149
"338","SD9_18A_05",134,140,268,268,122,128,274,277,137,146,243,251,170,178,169,173,350,350,170,170,280,284,145,147
"339","SD9_40_06",134,134,266,266,122,124,274,277,143,146,239,243,168,184,165,167,350,350,172,186,268,276,145,147
"340","SD9_22_01",130,132,266,268,128,132,274,274,137,146,241,267,172,176,169,175,350,350,176,182,276,280,145,149
"341","SD9_40_03",140,144,266,266,122,132,274,277,143,146,229,251,184,186,169,171,350,350,168,174,276,276,145,147
"342","SD9_28_02",132,140,266,266,126,128,274,277,146,149,241,259,180,180,167,169,350,354,172,176,276,280,145,145
"343","SD9_28_04",140,160,266,268,124,126,274,277,143,152,235,243,176,178,169,169,350,354,174,174,268,282,145,147
"344","SD9_18A_03",130,134,266,266,122,124,274,277,140,155,243,255,168,168,167,167,350,350,168,170,276,278,145,147
"345","SD9_36_03",134,140,266,266,116,124,274,277,146,149,235,241,174,188,167,171,350,354,172,174,276,276,145,145
"346","ED6_06_03",136,138,266,266,124,126,274,277,146,146,229,229,178,180,169,169,350,354,170,170,280,288,147,147
"347","ED6_13_03",140,160,266,266,128,130,274,274,134,146,239,241,164,168,167,177,350,350,172,172,268,284,145,147
"348","SD9_40_05",132,132,266,266,124,126,274,277,146,146,241,255,178,178,169,171,350,350,172,182,270,280,145,147
"349","ED6_10_01",138,144,266,266,126,128,274,274,134,140,235,251,178,188,175,187,350,354,170,172,276,280,147,147
"350","SD7_39_14",134,140,266,266,126,128,274,277,134,140,241,247,174,178,167,171,350,354,170,170,276,276,147,147
"351","SD9_40_04",134,134,266,266,124,126,274,274,146,146,235,247,174,184,167,169,350,350,176,0,268,296,145,145
"352","SD9_09_08",132,140,266,266,126,128,277,277,146,146,235,241,178,188,167,167,350,350,168,168,276,280,147,147
"353","SD9_39_03",134,134,266,266,126,128,274,277,146,182,243,247,176,182,167,171,350,350,170,180,268,276,147,147
"354","SD9_03_03",132,146,266,266,126,130,274,274,140,152,241,243,174,178,167,167,350,350,172,172,272,276,147,149
"355","SD9_39_01",140,142,266,268,130,130,274,274,140,143,241,255,174,180,167,169,350,350,172,176,268,280,145,147
"356","SD7_39_07",130,134,266,266,126,128,274,277,140,143,247,249,166,172,171,175,350,350,174,190,276,296,147,147
"357","HR1_13_01",134,146,266,266,122,130,274,274,134,146,241,259,176,178,167,179,350,350,168,168,270,276,147,149
"358","ED10_20A_01",134,140,266,266,126,130,274,277,137,146,243,243,174,186,167,179,350,350,170,174,276,276,145,147
"359","HR1_36_02",132,134,266,266,126,130,274,274,143,146,241,251,170,188,169,173,350,350,170,172,276,298,147,147
"360","HR1_14A_02",142,150,266,266,122,128,274,277,146,161,243,255,174,182,169,169,350,354,170,174,280,282,147,147
"361","HR1_29_01",132,158,266,266,124,128,274,274,146,146,247,247,178,182,167,169,350,354,170,172,276,278,147,147
"362","SD7_26_02",134,140,266,266,126,128,274,274,140,146,239,255,170,176,177,177,350,350,172,172,274,294,145,147
"363","HR1_16_03",134,134,266,266,122,130,274,274,137,146,235,255,160,172,167,169,350,350,170,174,276,282,145,147
"364","HR1_23_01",134,134,266,268,128,128,274,274,140,140,249,249,178,178,167,167,350,350,170,170,302,302,147,147
"365","ED9_21A_08",132,140,266,268,122,130,274,274,134,149,241,253,174,188,169,169,350,350,172,176,270,302,147,147
"366","HR1_23_03",134,134,266,266,124,130,274,274,134,140,239,241,154,178,169,173,350,350,168,172,276,280,145,147
"367","HR1_22_01",134,144,266,266,124,126,277,277,140,146,243,251,170,174,173,173,350,350,172,174,280,282,147,147
"368","HR1_16_04",134,142,266,268,124,130,274,274,146,146,241,243,178,182,169,181,350,354,168,168,280,282,147,147
"369","HR1_03_01",132,134,266,268,126,128,274,277,137,155,241,241,178,188,167,171,350,350,174,176,276,282,145,147
"370","ED7_20A_01",132,140,266,268,122,126,274,277,146,152,241,257,174,182,169,171,350,350,168,174,280,280,145,147
"371","SD7_28_08",134,134,266,266,124,130,274,277,146,158,241,259,176,180,169,171,350,350,168,170,268,276,145,147
"372","HR2_21_03",134,136,266,266,122,126,274,274,137,146,235,235,176,188,167,189,350,350,172,172,276,280,147,149
"373","SD7_13_02",142,144,266,268,130,130,274,277,140,143,241,255,174,180,169,175,350,350,172,176,268,280,145,147
"374","SD7_09_02",140,140,266,266,124,124,274,277,143,143,239,241,184,188,167,171,350,350,172,172,268,276,145,147
"375","HR1_29_02",134,140,266,266,130,130,274,274,119,134,243,251,168,180,169,173,350,354,170,170,280,280,145,147
"376","SD7_28_03",132,140,266,266,126,128,274,277,146,149,247,259,180,180,167,169,350,354,168,172,276,280,145,145
"377","HR2_24_03",128,136,266,268,124,126,274,277,137,167,243,243,168,184,167,169,350,350,172,0,274,292,147,147
"378","SD7_29_01",140,160,266,268,124,126,274,277,140,143,243,267,176,178,169,169,350,354,174,174,274,282,145,147
"379","ED9_19A_01",128,136,266,266,122,122,274,274,140,152,243,259,176,186,169,169,350,350,168,176,276,276,147,147
"380","HR1_18_01",128,144,266,268,126,130,274,277,140,143,247,251,176,178,169,173,350,350,168,176,280,280,147,147
"381","HR1_23_02",134,134,266,266,124,130,274,274,140,146,239,241,154,178,169,173,350,350,168,172,278,280,145,147
"382","ED9_20A_02",134,138,266,266,126,128,274,277,140,146,243,247,180,182,175,179,350,354,168,170,270,276,145,147
"383","ED7_06_05",134,142,266,268,126,130,274,277,140,146,243,243,170,176,175,179,350,350,172,176,276,280,145,147
"384","PM2_51_13",136,140,266,266,126,128,274,274,137,167,241,241,172,174,167,169,350,350,170,172,268,280,147,147
"385","SD7_40_01",138,148,266,266,126,128,274,277,149,167,247,255,172,178,169,179,350,354,168,176,280,280,145,145
"386","SD7_28_04",134,140,266,266,126,132,274,274,143,146,235,241,172,184,169,177,350,350,172,176,268,280,147,147
"387","HR1_36_01",134,138,266,266,122,128,277,277,140,143,243,251,172,180,169,169,0,0,174,178,270,270,147,147
"388","W10_18_03",134,138,266,266,124,130,274,277,140,149,247,249,162,184,167,167,350,350,174,176,268,270,147,147
"389","ED9_20A_06",134,138,266,266,124,132,274,277,140,146,243,255,170,172,171,177,350,354,168,0,278,280,147,147
"390","HR2_06_03",132,140,266,266,116,130,274,277,140,146,241,255,178,180,169,179,350,354,170,174,276,276,147,147
"391","HR2_16_05",128,144,266,266,128,130,274,274,125,140,241,243,176,180,167,169,350,350,170,176,276,280,147,147
"392","SD7_27_01",134,140,266,266,126,132,274,274,143,146,241,243,172,184,169,177,350,350,172,176,268,280,145,147
"393","W3_25_01",134,136,266,266,122,128,274,277,134,146,243,247,168,170,167,171,350,354,168,172,280,298,147,147
"394","HR1_16_01",132,132,266,266,126,132,274,277,146,146,247,255,168,178,171,177,350,350,174,178,268,268,147,147
"395","ED9_19A_05",132,138,266,266,122,128,274,274,143,146,239,251,176,178,169,171,350,350,170,170,278,288,147,147
"396","HR2_19A_04",128,166,266,266,124,128,274,277,140,146,241,241,170,176,171,177,350,350,170,190,280,282,147,147
"397","SD10_39_02",132,138,266,266,128,130,277,277,134,140,235,239,180,182,167,169,350,350,170,170,272,280,145,147
"398","ED7_19A_14",134,146,266,266,126,132,274,274,140,158,241,249,162,188,175,189,350,350,172,178,276,280,145,147
"399","SD7_40_06",132,138,266,268,124,126,274,277,140,146,235,243,166,182,171,185,350,350,170,170,268,276,145,147
"400","SD7_39_01",134,142,266,266,126,126,274,277,134,143,243,259,176,178,181,193,350,350,168,176,268,280,145,147
"401","SD7_39_04",134,134,268,268,126,128,274,274,140,149,243,251,176,186,169,173,350,350,172,174,276,296,147,147
"402","PM2_51_15",132,142,266,266,126,128,274,277,146,146,241,241,166,176,175,177,350,350,172,174,272,280,145,145
"403","HR2_21_02",128,136,266,266,124,126,277,277,143,146,243,253,172,174,169,171,350,350,170,172,276,276,147,147
"404","HR1_14A_03",132,134,266,266,126,130,274,277,146,155,241,241,166,168,167,171,350,350,170,176,276,278,145,147
"405","HR2_06_04",128,140,266,266,130,130,274,277,146,146,239,247,174,178,169,171,350,350,168,176,276,280,147,149
"406","PM2_52_02",132,140,266,268,124,124,274,277,143,146,241,241,174,178,169,187,350,350,174,174,270,276,147,147
"407","ED7_21A_02",132,144,266,266,126,130,274,277,140,146,239,239,180,190,173,187,350,350,172,174,274,280,147,147
"408","NR2_22_01",138,140,266,266,126,132,274,277,134,134,241,245,174,178,169,187,350,350,168,168,276,276,145,147
"409","NR2_12_01",132,136,266,266,124,130,274,277,134,143,243,247,172,178,171,177,350,354,168,172,276,294,145,147
"410","HR2_22_02",140,140,266,266,128,128,277,277,146,146,251,251,168,168,193,193,350,350,170,170,276,276,145,145
"411","W10_18_01",134,142,266,266,122,124,277,277,143,146,241,259,174,182,167,167,350,350,172,172,276,280,147,147
"412","SD7_39_16",132,136,266,266,122,132,277,277,146,146,235,239,170,174,167,171,350,350,168,170,276,278,147,147
"413","SD7_39_12",132,146,266,266,124,128,274,277,137,140,235,267,172,180,169,169,350,350,170,172,280,280,145,147
"414","ED9_29_01",134,138,266,266,126,128,277,277,146,146,235,269,184,186,169,169,350,350,168,174,268,280,147,147
"415","HR1_34_01",138,142,266,266,126,126,274,277,140,146,241,243,154,174,173,177,350,350,170,172,272,280,145,147
"416","W10_25_01",144,146,266,266,116,124,274,277,143,146,241,243,166,174,167,171,350,350,168,172,278,278,145,145
"417","SD7_26_01",140,140,266,268,126,130,274,274,140,143,241,247,170,176,173,179,350,350,170,176,276,284,145,147
"418","PM2_52_10",136,144,266,268,124,128,274,277,140,143,243,261,164,176,173,175,350,350,168,170,276,278,145,145
"419","PM2_53_07",132,140,266,266,128,130,274,277,119,167,241,243,172,184,167,179,350,354,170,172,272,274,147,147
"420","ED9_19A_07",132,134,266,266,126,130,274,277,143,146,235,273,168,170,167,169,350,350,170,174,274,276,145,147
"421","ED9_17_01",132,138,266,266,122,124,274,274,143,146,239,251,176,190,171,173,350,350,170,190,278,288,147,151
"422","SD7_28_05",138,138,266,266,122,126,274,274,146,146,241,241,168,180,169,175,350,350,168,170,278,296,145,147
"423","W10_13_01",134,144,266,268,122,126,274,277,143,152,251,255,166,176,169,187,350,350,168,172,268,276,147,147
"424","W8_18_04",134,138,266,266,130,130,274,277,137,149,241,249,162,166,167,167,350,350,168,174,268,270,147,147
"425","SD7_39_10",132,168,266,266,126,126,274,274,134,191,249,257,172,176,169,175,350,350,168,170,272,278,145,147
"426","SD10_27_01",136,140,266,266,116,130,274,277,134,146,241,253,168,174,179,187,350,350,172,172,276,276,145,145
"427","HR2_18_02",136,140,266,266,126,132,274,274,137,140,239,249,180,190,171,173,350,350,172,178,268,268,147,147
"428","PM2_53_04",130,150,266,266,124,126,274,277,140,143,241,243,166,174,169,195,350,354,168,174,272,276,145,147
"429","W3_13_02",132,132,266,266,126,128,274,274,146,155,243,243,170,180,177,187,350,350,168,168,276,278,145,145
"430","SD7_26_03",140,140,266,268,122,124,274,277,146,146,239,255,174,176,169,173,350,350,178,190,268,280,145,145
"431","W10_15_01",144,144,266,266,124,132,277,277,143,146,241,249,178,184,167,169,350,350,172,172,278,280,145,147
"432","PM2_54_07",134,136,266,266,128,128,274,277,140,140,241,259,178,186,169,169,350,350,168,170,276,276,145,147
"433","HR6_12C_04",136,140,266,266,126,128,274,277,146,146,231,247,154,168,169,177,350,350,170,174,268,276,147,147
"434","SD10_24_02",134,140,266,266,126,130,274,274,134,146,241,245,184,186,165,169,350,350,170,170,274,276,147,149
"435","HR6_19A_04",132,140,266,266,122,124,274,277,146,161,243,245,168,170,171,175,350,350,176,182,276,298,145,147
"436","SD10_40_02",134,134,266,266,128,130,274,274,140,146,255,255,168,174,173,173,350,350,170,170,276,276,147,147
"437","HR10_07A_05",128,134,266,266,124,126,274,277,140,146,239,243,172,178,171,177,350,350,168,176,270,280,147,147
"438","W10_18_02",138,142,266,268,124,128,277,277,134,146,241,241,168,170,171,175,350,350,170,170,268,276,147,147
"439","SD10_08_01",144,144,266,266,126,126,274,274,140,146,255,255,176,178,167,171,350,350,172,182,278,302,147,147
"440","W10_23A_01",134,138,266,266,122,124,274,277,146,146,243,247,172,176,169,171,350,350,172,174,278,284,145,147
"441","PM9_44_01",134,140,266,268,124,130,274,274,134,140,241,251,178,180,167,167,350,350,172,176,268,276,145,145
"442","W10_05_02",134,138,266,266,124,128,274,277,146,149,245,249,172,194,169,179,350,350,170,174,276,288,145,147
"443","W10_05_01",134,146,266,266,128,128,274,277,134,146,243,255,182,184,167,173,350,350,170,174,268,278,147,147
"444","W10_31_01",134,140,266,268,124,126,274,277,140,176,251,251,172,178,169,173,350,350,172,178,272,276,145,147
"445","HR10_28_09",136,136,266,268,124,128,274,274,146,146,245,247,182,182,167,175,350,350,168,168,278,278,145,147
"446","W10_30_02",134,138,266,266,116,126,274,277,143,143,241,247,174,188,169,169,350,350,168,170,274,284,147,147
"447","PM2_51_07",134,142,266,266,122,124,274,274,146,146,247,259,180,182,167,167,350,350,172,174,276,278,147,147
"448","SD10_09_02",132,134,266,268,122,130,274,274,134,146,243,247,162,172,169,171,350,354,170,174,268,280,145,147
"449","W10_16_02",136,140,266,268,124,126,274,277,140,143,243,247,170,182,167,169,350,350,168,172,276,294,145,145
"450","HR6_19A_03",134,136,266,268,126,126,274,274,143,146,243,243,180,186,171,175,350,350,170,174,284,284,145,147
"451","W10_05_04",134,146,266,266,128,128,274,277,140,146,235,243,176,182,167,169,350,350,170,170,268,268,147,147
"452","NR9_22_01",138,144,266,268,122,128,277,277,134,161,243,261,168,178,165,165,350,350,170,174,276,282,147,147
"453","SD10_40_01",134,136,266,266,126,128,274,274,146,164,243,247,172,182,167,181,350,354,168,170,268,282,145,147
"454","W10_05_03",140,146,266,266,122,124,274,277,143,143,235,241,168,182,169,173,350,350,170,170,268,276,147,147
"455","W10_05_05",134,146,266,266,128,128,274,277,134,146,243,255,182,184,167,173,350,350,170,170,268,278,147,147
"456","SD10_18A_01",134,142,266,268,128,128,274,274,146,149,241,269,170,172,171,173,350,350,168,172,278,296,145,147
"457","PM2_54_04",132,138,266,266,124,128,274,277,140,143,243,243,168,176,167,169,350,350,168,170,268,280,147,147
"458","PM2_48_02",134,142,266,266,122,128,274,274,140,149,241,245,184,188,167,181,350,350,168,172,276,278,145,147
"459","PM2_47_01",128,142,266,268,128,128,274,274,143,146,247,253,168,174,169,171,350,354,174,188,276,282,145,147
"460","W10_16_03",134,136,266,266,124,128,274,277,134,134,241,243,178,178,165,167,350,350,170,172,268,280,145,147
"461","W10_10_02",132,134,266,268,128,132,274,274,119,146,243,255,176,178,167,181,350,354,172,172,276,280,145,145
"462","HR5_23_01",132,140,266,266,122,130,277,277,134,146,239,241,174,190,165,169,350,354,170,176,276,280,145,147
"463","PM1_16_10",134,138,266,266,124,124,274,274,146,158,251,269,176,186,167,179,350,350,172,176,272,288,149,149
"464","W3_05_08",130,136,266,268,124,128,274,274,140,146,241,255,170,178,167,169,350,350,172,176,276,278,145,147
"465","SD10_13_01",136,140,266,266,122,124,274,274,140,146,241,241,170,182,171,181,350,350,170,0,268,276,145,147
"466","SD10_09_01",132,142,266,266,124,124,274,274,140,155,243,251,154,174,169,171,350,350,170,176,276,280,145,145
"467","PM2_49_04",136,140,266,266,126,126,274,274,137,146,231,247,176,178,167,169,350,354,170,174,276,296,147,147
"468","NR9_24_04",134,140,266,266,126,128,274,277,140,146,245,259,174,186,173,173,350,350,172,194,280,284,145,145
"469","W6_05_01",138,144,266,266,130,132,274,277,146,146,241,243,174,174,167,167,350,350,168,172,280,286,147,147
"470","W5_29_03",132,134,266,266,126,130,274,277,140,146,241,241,162,182,169,177,350,350,168,170,280,302,145,147
"471","W5_40_01",134,134,266,266,124,126,274,274,146,146,241,261,168,180,169,169,350,350,170,172,276,280,145,145
"472","NR4_27_01",138,142,266,268,126,132,274,274,140,146,235,257,178,180,167,179,350,350,172,178,278,280,145,149
"473","W5_23A_01",132,142,266,266,130,130,277,277,146,146,249,255,168,178,167,173,350,350,170,174,274,280,147,147
"474","PM4_54A_03",142,142,266,266,124,128,277,277,134,137,245,251,160,180,167,169,350,350,176,176,276,280,147,147
"475","PM6_70_01",132,144,266,266,126,126,274,274,134,137,241,251,168,170,167,173,350,350,170,170,272,278,147,147
"476","PM5_70_04",132,136,266,268,128,130,274,277,146,170,243,257,170,178,167,175,350,350,168,170,276,282,145,147
"477","W5_36_04",136,142,266,266,128,132,274,277,146,155,231,235,162,174,169,169,350,350,168,176,276,280,145,147
"478","PM4_62_02",140,142,266,266,122,132,274,274,146,161,243,261,170,180,167,169,350,350,170,174,268,282,145,147
"479","PM2_51_03",134,146,266,266,126,126,274,277,146,152,245,249,178,190,165,191,350,350,172,176,268,276,145,145
"480","ED5_25A_03",132,134,266,266,124,126,274,274,146,146,243,255,176,178,169,195,350,350,170,0,278,280,147,147
"481","HR4_27_02",136,138,266,266,128,128,274,274,140,161,247,257,176,180,165,185,350,350,168,170,272,284,147,147
"482","PM4_52_01",134,140,266,266,122,128,274,274,140,146,241,241,174,182,167,169,350,350,172,172,278,280,147,147
"483","W5_26_01",132,140,266,266,124,128,274,277,140,146,235,243,176,178,171,173,350,350,170,174,268,280,145,147
"484","PM4_62_01",128,144,266,266,126,128,274,277,113,146,241,259,174,178,173,193,350,350,170,170,276,284,147,147
"485","PM4_53_01",138,146,266,266,124,124,274,277,143,146,243,259,172,184,167,193,350,350,172,0,276,280,145,145
"486","W5_13_01",134,140,266,266,122,126,274,277,143,158,251,255,176,190,169,169,350,350,172,176,276,280,147,147
"487","SD5_19_01",134,138,266,268,126,132,274,274,146,146,243,243,172,188,169,171,350,350,174,214,268,276,147,147
"488","PM4_49_01",128,140,266,266,124,126,274,277,143,146,247,247,176,180,167,173,350,354,170,170,270,280,145,147
"489","NR4_43_05",138,140,266,266,128,128,274,274,143,161,253,261,176,180,169,181,350,350,166,174,292,298,145,147
"490","PM4_49_02",134,140,266,266,124,126,274,277,137,146,247,255,176,178,167,169,350,350,172,0,276,276,145,147
"491","PM4_40_02",134,144,266,266,124,128,274,274,146,155,239,245,162,170,171,173,350,350,170,174,270,276,147,147
"492","PM4_47_01",132,136,266,266,132,132,274,274,140,146,243,259,176,180,167,177,350,350,168,174,270,276,147,149
"493","SD6_36_13",132,132,266,268,122,122,274,274,143,167,257,279,174,184,171,171,350,350,170,172,270,278,147,147
"494","W5_29_01",132,134,266,268,126,126,277,277,146,155,243,255,170,174,167,167,350,350,170,172,278,294,147,147
"495","PM9_62_02",144,150,266,268,124,130,274,277,146,146,243,247,168,172,167,169,350,354,168,176,276,288,147,147
"496","ED5_13_02",128,150,266,266,126,130,274,277,140,146,241,243,168,176,167,169,350,350,172,172,278,280,145,145
"497","PM4_65_02",134,138,266,266,128,130,274,274,137,146,231,243,168,184,169,171,350,350,172,176,270,280,145,145
"498","PM4_54A_02",132,138,266,266,126,128,274,274,143,143,241,247,172,174,169,187,350,350,170,188,278,284,145,145
"499","W5_12_02",132,134,266,266,124,132,274,274,146,146,243,247,174,174,167,177,350,350,178,214,268,280,145,147
"500","SD6_36_18",134,134,266,268,126,128,274,277,149,155,243,249,178,190,165,167,350,350,168,168,276,284,147,149
"501","ED5_15_03",140,144,266,266,128,130,274,277,143,152,243,253,172,182,167,169,350,350,170,176,270,280,145,147
"502","W5_09_01",128,138,266,268,122,124,274,274,146,146,241,247,170,186,169,173,350,350,172,176,280,292,145,147
"503","PM4_60_01",132,140,266,266,122,128,274,277,143,149,231,249,168,188,169,173,350,350,168,168,276,276,147,147
"504","PM4_71_01",132,132,268,268,126,126,274,274,140,146,241,251,172,180,173,185,350,350,170,170,282,282,147,147
"505","ED5_13_03",136,144,266,266,126,128,274,277,134,146,243,259,174,178,169,169,354,354,168,174,280,294,147,147
"506","SD6_39_01",132,138,266,268,124,126,274,274,140,143,245,261,174,182,171,173,350,354,170,174,276,280,147,147
"507","HR4_27_01",136,142,266,268,124,124,274,274,140,143,239,241,172,174,169,177,350,350,172,0,276,276,147,147
"508","ED5_15_02",132,132,266,266,126,132,277,277,143,146,231,251,172,174,169,185,350,350,168,172,268,282,147,147
"509","W5_13_02",136,144,266,268,126,130,274,277,146,146,235,241,176,188,169,171,350,350,172,174,280,280,147,147
"510","ED5_06_01",138,144,266,266,124,124,274,277,143,146,243,255,166,180,169,175,350,350,172,0,276,280,147,147
"511","SD6_24_04",132,140,266,266,124,126,274,274,137,152,239,251,180,192,163,169,350,350,168,172,280,280,145,147
"512","SD6_26_03",132,134,266,266,126,128,274,277,119,137,247,251,174,178,171,183,350,350,170,176,268,280,145,147
"513","SD6_15_01",132,134,266,268,122,126,274,274,140,146,247,271,180,182,169,171,350,350,170,172,280,282,145,147
"514","SD6_40_03",134,134,266,268,126,130,274,277,146,152,253,267,176,184,169,189,350,350,170,176,270,278,147,147
"515","SD4_40_05",128,148,266,266,124,128,274,277,143,146,241,247,168,178,169,173,350,350,172,176,276,280,145,147
"516","SD4_27_03",132,138,266,266,122,130,274,277,137,146,235,255,172,180,181,181,350,350,168,170,274,280,145,147
"517","SD6_36_01",134,134,266,266,130,130,274,274,134,143,231,243,168,184,175,177,350,350,172,172,276,280,145,147
"518","SD6_36_07",134,138,266,266,126,128,274,277,134,146,241,249,170,178,167,169,350,350,168,172,268,268,145,147
"519","SD4_26_01",144,146,266,268,126,130,274,274,134,149,243,251,176,180,171,175,350,354,172,172,280,280,145,147
"520","SD6_36_08",144,146,266,268,126,128,265,277,146,146,243,251,174,182,167,187,350,350,168,170,270,282,145,147
"521","SD4_40_01",132,132,266,268,124,130,274,277,140,146,241,255,164,184,173,177,350,354,170,172,274,280,145,145
"522","PM4_50_01",132,138,266,266,128,130,277,277,134,146,259,273,164,180,173,173,350,350,168,174,268,278,147,147
"523","SD6_28_01",140,148,266,266,124,130,274,277,146,146,243,249,178,182,175,177,350,350,170,172,268,276,147,147
"524","SD6_01_01",132,140,266,266,122,130,274,277,143,146,229,251,178,186,169,171,350,350,168,174,276,276,145,147
"525","SD6_39_05",134,140,266,266,126,130,274,274,134,137,235,265,180,182,175,187,350,350,168,168,280,298,147,147
"526","SD6_26_01",136,144,266,266,124,130,274,274,146,146,247,247,170,182,173,175,350,350,170,172,278,278,145,147
"527","W5_18_02",132,134,266,266,126,132,274,277,140,146,235,241,168,182,163,169,350,350,166,174,268,280,147,147
"528","SD4_27_05",138,138,266,266,122,130,274,277,140,146,241,251,166,180,175,187,350,350,170,170,268,280,145,149
"529","SD6_39_03",140,146,266,266,124,126,274,274,146,158,235,243,162,172,169,175,350,350,172,178,276,280,145,145
"530","SD6_36_17",144,168,266,266,132,132,274,277,140,146,241,255,170,184,169,175,350,350,176,178,276,278,147,147
"531","SD6_06_01",138,144,266,266,128,128,277,277,146,149,247,259,176,180,169,179,350,350,170,176,278,278,145,147
"532","SD4_25_02",134,142,266,266,124,126,274,274,140,140,251,255,170,176,167,179,350,350,174,176,270,276,145,151
"533","SD6_39_06",134,134,266,268,124,126,274,274,146,146,235,261,184,192,167,169,350,350,176,0,280,296,145,145
"534","SD6_26_19",136,164,266,266,126,128,274,277,146,155,243,255,174,176,167,171,350,350,170,170,280,280,147,147
"535","SD6_37_08",132,136,268,268,124,124,274,274,146,146,245,251,182,188,167,171,350,358,170,186,268,280,147,147
"536","SD6_27_01",136,140,266,268,122,128,274,277,146,146,241,251,166,182,171,185,350,350,168,172,268,270,145,145
"537","SD6_26_13",138,142,266,266,126,126,274,274,140,140,251,273,170,176,167,179,350,350,170,174,270,276,145,151
"538","SD6_27_03",134,138,266,266,128,130,274,277,146,146,251,255,176,180,169,175,350,350,170,170,268,278,145,145
"539","PM5_55_03",128,134,266,268,122,126,274,274,146,149,241,243,168,168,169,177,350,350,168,174,280,282,147,149
"540","SD6_26_16",132,140,266,268,126,128,274,274,134,134,231,247,174,182,169,175,350,350,172,174,280,284,147,149
"541","SD4_39_16",138,140,266,266,122,128,277,277,140,152,235,241,178,180,167,169,350,354,170,170,268,280,147,147
"542","PM5_55_01",128,134,266,268,122,126,274,274,146,149,241,243,168,168,169,177,350,350,168,174,276,282,147,149
"543","W6_18_03",140,144,266,266,124,128,274,274,146,149,235,255,182,182,167,171,350,350,170,172,268,276,147,147
"544","PM5_70_02",136,140,266,266,126,128,274,277,134,143,245,259,176,182,169,171,350,354,170,178,268,278,147,147
"545","SD4_25_01",132,140,268,268,122,122,274,277,134,146,243,247,174,180,167,167,350,350,174,180,274,280,147,147
"546","W6_13_03",136,152,266,268,122,124,274,277,143,146,243,247,174,176,169,175,350,350,172,174,276,276,147,147
"547","ED5_12_01",134,138,266,266,122,130,274,274,140,149,235,269,168,178,169,171,350,350,168,174,268,270,145,151
"548","SD4_27_01",132,138,266,266,126,130,274,277,137,137,241,251,174,184,169,169,350,350,170,174,272,278,145,145
"549","SD4_27_04",138,144,266,266,128,132,274,274,134,146,241,243,184,184,167,169,350,350,168,188,268,282,145,147
"550","PM5_49_01",132,134,266,266,126,128,277,277,146,176,241,243,170,190,169,169,350,350,170,174,276,278,145,149
"551","NR3_08A_01",134,136,266,266,122,126,274,277,143,146,241,243,162,176,171,171,346,354,170,176,276,280,147,151
"552","PM5_70_05",132,136,266,266,124,128,274,274,146,146,243,245,182,184,169,173,350,350,170,178,270,274,145,147
"553","NR5_04A_01",134,140,266,268,124,124,274,277,146,149,241,241,178,180,169,171,350,350,164,178,270,280,147,147
"554","PM5_47_02",132,138,266,266,124,132,274,274,140,146,243,259,176,180,167,167,350,354,170,174,270,276,147,149
"555","W6_18_02",132,140,266,266,126,130,274,277,125,140,235,241,176,178,167,171,350,354,172,174,278,280,145,145
"556","PM5_47_01",134,138,266,266,126,130,274,274,146,146,241,259,174,174,169,169,350,350,168,172,280,280,145,147
"557","SD4_25_03",132,142,266,266,126,132,274,274,146,146,239,247,182,182,167,171,350,354,168,178,278,284,145,147
"558","PM5_70_03",128,138,266,266,126,128,274,277,146,146,241,247,170,178,167,177,350,350,170,170,276,278,147,147
"559","SD4_27_02",136,140,266,266,124,126,274,274,146,146,243,243,182,182,167,177,350,350,170,170,280,280,145,149
"560","NR5_07A_03",134,134,266,268,124,130,274,274,137,146,235,255,168,172,169,171,350,350,170,174,274,278,145,147
"561","PM5_70_07",132,134,266,266,126,132,274,277,143,146,243,255,180,180,171,173,350,350,170,170,268,280,147,147
"562","PM5_70_06",132,152,266,266,124,128,274,277,140,152,235,247,176,182,169,187,350,350,168,170,270,284,147,147
"563","NR3_32_02",140,140,266,266,126,130,274,277,134,146,241,251,174,174,169,171,350,350,168,168,268,282,147,147
"564","W6_18_05",132,136,266,268,122,124,274,274,146,146,243,257,176,182,169,179,350,350,168,174,276,278,145,147
"565","W6_40_02",132,134,266,266,126,128,274,274,143,161,241,255,168,184,171,171,350,350,172,172,268,280,147,149
"566","PM5_48_03",134,138,266,266,122,126,274,274,113,146,235,241,168,170,167,169,350,350,172,176,268,282,147,149
"567","NR3_24_01",134,138,266,266,126,130,274,274,140,143,239,251,180,182,169,171,350,350,168,174,268,278,145,147
"568","W6_17_02",136,136,266,266,124,130,274,274,140,146,231,251,180,182,165,167,350,350,174,192,272,280,145,147
"569","NR5_17B_03",136,140,266,266,122,128,274,277,134,146,241,241,172,186,171,179,350,350,166,180,268,278,145,147
"570","NR3_20_01",142,142,266,266,122,126,274,277,143,146,235,243,174,178,167,171,350,350,168,178,270,276,145,147
"571","PM5_55_02",130,136,266,268,124,126,274,274,146,146,241,247,172,180,167,167,350,350,172,174,276,278,147,147
"572","PM5_70_01",132,136,266,266,128,130,274,277,146,170,243,257,170,178,167,175,350,350,168,170,270,276,145,147
"573","NR3_43_05",136,138,266,266,122,126,274,274,143,146,241,243,162,176,171,171,346,354,168,176,276,280,147,151
"574","W6_11_01",134,138,266,266,130,130,274,277,140,146,239,245,168,178,167,173,350,354,168,170,268,282,145,147
"575","NR3_43_08",140,140,266,266,126,128,274,274,134,140,247,257,170,174,167,169,350,354,176,176,268,270,145,149
"576","NR3_28_03",130,138,266,266,122,130,274,274,146,146,235,243,168,184,169,169,350,354,168,168,276,280,145,147
"577","NR3_01_01",140,142,266,268,122,128,277,277,146,161,243,259,186,190,167,183,350,350,170,176,268,270,145,147
"578","W6_13_04",134,140,266,268,124,124,274,277,134,140,241,243,178,186,167,169,350,354,172,192,280,294,147,147
"579","NR3_43_02",134,144,266,266,122,124,274,274,140,146,247,249,170,176,171,175,350,354,170,190,276,282,145,145
"580","NR3_29_06",132,134,266,268,126,130,274,277,140,146,245,253,172,184,171,187,350,350,172,172,268,268,145,149
"581","PM5_43_03",134,136,266,268,128,132,274,277,146,146,243,243,172,178,167,171,350,354,168,168,270,278,147,147
"582","W6_08_02",132,142,266,266,124,128,277,277,146,146,235,235,174,174,169,169,350,350,168,178,278,280,145,147
"583","NR3_29_07",132,134,266,266,122,128,274,274,146,152,235,241,182,182,169,171,350,350,168,172,276,278,145,147
"584","NR3_01_11",132,140,266,266,124,126,274,277,134,134,241,245,174,178,169,177,350,350,168,168,270,302,145,147
"585","PM6_72A_01",138,150,266,266,122,126,274,274,137,146,241,243,172,182,167,167,350,354,168,168,270,280,145,147
"586","NR3_43_07",128,132,266,266,124,126,274,274,140,146,241,247,178,178,167,167,350,354,168,168,278,282,145,147
"587","NR3_20_02",136,142,266,266,122,126,274,274,146,146,235,241,168,174,167,169,350,350,168,178,270,276,147,147
"588","NR3_16_08",134,168,266,266,116,126,277,277,143,143,235,245,174,174,171,175,350,350,176,182,278,280,147,147
"589","NR3_29_04",136,152,266,266,126,128,274,277,134,143,243,243,178,188,167,171,350,354,168,172,276,280,145,147
"590","PM6_44_01",136,140,268,268,124,130,274,274,143,146,231,241,168,170,169,187,350,354,178,180,268,280,147,147
"591","PM6_72A_02",132,144,266,268,126,128,274,274,143,146,241,247,176,182,167,169,350,350,168,174,280,280,145,145
"592","NR6_08A_02",132,144,266,266,128,130,274,277,146,149,243,259,178,190,167,185,350,350,170,174,278,280,145,149
"593","PM6_72A_03",136,138,266,266,126,130,274,274,137,149,241,273,170,176,167,187,350,350,172,176,276,284,145,147
"594","NR6_08A_01",132,144,266,266,122,126,274,277,140,143,241,241,172,176,167,169,350,350,166,172,272,276,145,147
"595","NR3_02_03",140,140,266,266,122,124,274,277,140,146,247,249,172,184,173,173,350,350,172,172,284,286,147,147
"596","NR6_16_04",144,144,266,268,124,132,274,274,158,161,241,241,176,190,169,169,350,350,168,176,270,280,147,149
"597","PM2_52_19",132,134,266,266,128,128,274,274,134,146,235,245,170,178,167,171,350,350,170,176,280,290,145,145
"598","SD3_40_01",132,140,266,268,124,130,274,274,143,146,247,255,164,174,165,173,350,354,170,172,274,298,145,145
"599","W3_05_01",130,138,266,266,124,126,274,274,134,146,241,267,174,180,167,171,350,350,170,172,268,276,145,147
"600","PM2_51_17",128,134,266,266,124,124,265,274,146,146,259,261,174,176,171,193,350,350,170,176,280,282,145,149
"601","SD3_39_02",132,140,266,266,122,128,274,274,146,146,247,269,176,178,167,167,350,350,176,190,288,294,145,147
"602","SD3_40_12",132,142,266,266,122,124,274,274,146,161,241,241,176,180,163,173,350,350,176,190,276,278,147,147
"603","PM2_53_08",132,142,266,268,122,132,274,277,137,140,241,253,182,186,169,173,350,350,176,178,276,280,145,147
"604","PM2_49_02",128,144,266,266,122,128,274,274,146,146,241,257,180,188,171,171,350,354,168,170,276,282,145,147
"605","PM2_56_01",132,136,266,268,126,128,274,277,140,161,243,251,174,176,169,169,350,350,170,176,268,276,145,145
"606","PM2_51_16",134,146,266,266,124,132,274,277,143,146,231,267,174,188,173,175,350,350,168,172,276,276,147,147
"607","PM2_52_03",134,138,266,266,122,128,274,274,140,143,231,239,172,176,167,177,350,350,168,174,268,280,147,147
"608","PM2_65_05",132,144,266,266,130,130,274,274,140,140,231,239,174,182,167,187,350,350,166,174,280,298,147,149
"609","PM2_65_07",134,140,266,266,124,132,274,274,146,152,243,243,172,182,167,169,350,350,174,180,278,280,145,147
"610","W3_09_01",132,138,266,266,124,130,274,274,134,146,241,241,170,184,167,167,350,350,172,172,276,286,147,151
"611","PM2_54_02",134,138,266,266,122,128,274,277,140,143,259,273,168,184,173,185,350,350,170,170,268,268,145,147
"612","ED3_28_01",128,134,266,268,122,124,274,277,143,149,235,241,170,182,167,169,350,350,164,178,276,278,145,147
"613","ED3_21A_01",134,140,266,266,124,128,274,274,140,146,243,251,186,186,171,173,350,350,172,190,280,0,147,147
"614","SD3_40_02",134,136,268,268,128,130,274,274,140,146,241,269,172,190,169,171,350,350,170,172,270,284,145,145
"615","W3_22_05",128,138,266,266,122,130,277,277,140,146,235,247,154,168,169,187,350,354,168,176,276,280,147,147
"616","PM2_70_02",128,144,266,266,128,130,274,274,146,155,243,245,168,168,169,171,350,350,172,174,268,276,147,147
"617","PM2_65_04",128,138,266,266,126,130,274,277,146,158,243,255,168,182,167,175,350,350,168,170,276,298,145,147
"618","PM2_52_12",132,132,266,266,128,128,277,277,134,143,235,241,168,182,167,185,350,354,170,172,270,282,145,147
"619","HR2_16_06",128,134,266,266,130,132,274,274,143,146,239,241,170,176,173,177,350,350,170,170,280,284,147,147
"620","ED3_01_03",136,140,266,268,126,126,277,277,140,143,247,261,176,178,175,179,350,354,172,172,278,282,147,147
"621","ED3_27_02",138,160,266,266,124,128,274,277,140,146,235,243,168,180,167,169,350,350,172,178,278,280,145,147
"622","ED3_27_05",132,150,266,268,124,126,277,277,134,134,241,243,174,176,167,167,350,350,170,176,278,286,147,147
"623","PM2_52_15",132,144,266,266,124,130,274,274,119,140,235,255,168,168,169,169,350,350,172,176,274,298,147,149
"624","ED3_31_02",138,140,266,266,124,130,274,277,140,140,235,241,176,178,189,189,350,350,172,172,276,294,145,145
"625","HR3_05A_08",134,134,266,266,122,124,274,274,134,143,237,243,170,188,169,173,350,350,176,176,272,298,147,147
"626","PM2_61_03",128,130,0,0,126,126,274,274,146,146,241,249,178,180,165,173,350,350,172,186,276,280,145,145
"627","ED3_25B_02",134,140,266,268,124,128,274,274,146,146,229,257,172,174,167,177,350,350,170,176,280,296,145,147
"628","PM2_40_03",134,136,266,266,128,132,274,274,146,155,247,255,168,182,171,187,350,350,168,168,276,278,145,145
"629","PM2_65_08",136,140,266,268,124,130,274,277,134,143,247,247,174,180,169,171,350,350,172,172,0,0,147,147
"630","PM3_53_02",128,138,266,266,124,130,274,274,146,149,241,241,166,168,169,185,350,350,172,178,276,280,147,147
"631","ED3_27_01",134,134,266,266,130,130,274,274,140,140,243,251,176,180,167,189,350,354,168,174,280,280,109,145
"632","PM3_54_06",140,144,266,266,122,126,277,277,143,161,241,259,166,176,167,185,350,350,170,174,268,278,147,147
"633","HR3_05A_07",128,140,266,266,124,126,274,277,146,146,251,255,166,168,167,167,350,350,170,174,270,298,147,147
"634","HR3_12_08",132,140,268,268,128,128,274,274,140,143,239,249,168,170,173,173,350,350,170,172,274,288,147,147
"635","HR3_12_06",128,140,266,268,124,126,274,277,146,146,241,255,166,168,167,173,350,350,170,174,268,298,147,147
"636","PM3_53_06",128,134,266,266,122,126,274,274,143,155,243,247,168,176,169,171,350,350,172,172,276,280,147,149
"637","HR3_26_01",132,134,266,266,126,128,274,274,146,146,235,249,176,184,169,171,350,350,168,168,270,280,145,145
"638","PM3_53_01",140,144,266,268,124,124,274,277,149,152,241,241,168,178,167,171,350,350,174,190,274,276,145,147
"639","PM3_52_04",144,152,266,268,124,130,274,274,143,146,241,261,170,178,169,169,350,350,170,176,280,284,145,145
"640","HR2_19A_06",138,140,266,266,124,128,274,277,146,182,243,247,180,182,169,169,350,350,170,172,280,280,145,149
"641","PM3_54_05",132,132,266,268,122,132,274,277,113,140,241,277,170,182,169,193,350,354,168,168,276,276,145,147
"642","W3_05_03",128,140,266,266,124,124,274,277,134,143,243,259,178,196,165,167,350,350,170,172,268,276,145,147
"643","PM2_52_06",136,146,266,268,126,128,274,277,134,140,243,251,180,180,169,187,350,350,170,172,268,280,145,145
"644","HR3_12_09",138,148,266,266,126,132,277,277,146,146,251,251,168,176,167,173,350,350,172,172,280,298,145,145
"645","PM3_51_05",134,140,266,266,124,126,274,274,146,146,235,241,174,180,169,171,350,350,170,0,282,302,145,147
"646","PM3_52_05",134,138,266,268,128,132,274,277,146,146,241,243,174,184,171,177,350,350,170,170,280,280,147,147
"647","ED3_06_01",132,132,266,266,126,128,274,274,140,146,243,243,176,188,167,169,350,350,168,172,278,290,145,147
"648","HR3_05A_05",134,146,266,266,128,128,277,277,146,146,241,247,188,190,167,179,350,350,168,168,276,280,145,145
"649","PM2_65_09",132,134,266,266,122,128,274,277,137,140,241,241,174,182,173,175,350,350,170,178,270,280,147,147
"650","ED3_20A_04",134,144,266,268,124,126,277,277,137,146,239,255,162,166,169,173,350,350,172,174,270,278,147,147
"651","PM2_61_02",132,140,266,266,130,132,274,274,134,140,241,247,176,186,167,171,350,350,170,172,270,276,145,145
"652","PM2_65_06",138,144,266,268,122,128,274,274,134,143,235,257,170,172,173,177,350,350,172,174,276,276,145,147
"653","PM3_53_04",134,140,268,268,126,128,274,277,137,164,255,261,182,186,173,173,350,350,174,176,276,276,147,147
"654","PM2_52_01",138,144,268,268,124,126,274,274,137,146,241,243,172,172,167,169,350,350,172,182,268,286,145,147
"655","PM3_52_01",140,144,266,266,122,126,0,0,146,155,239,247,176,176,169,177,350,350,170,170,276,280,147,151
"656","PM3_51_08",134,136,266,266,122,132,274,277,146,155,241,241,160,172,175,177,350,350,168,172,276,282,145,147
"657","PM3_51_07",132,132,266,266,122,124,277,277,134,146,241,259,170,172,169,179,350,350,166,168,268,278,145,147
"658","PM2_65_02",134,134,266,268,124,126,274,277,134,146,241,269,176,180,171,171,350,350,168,170,268,268,147,149
"659","W1_11_01",132,138,266,266,130,132,274,277,143,155,241,249,176,192,167,169,350,350,168,184,276,276,147,147
"660","HR3_36_02",134,134,266,266,122,124,274,274,134,146,239,243,178,182,167,167,350,350,170,174,276,276,145,145
"661","PM3_51_02",140,142,266,266,126,132,274,274,140,146,235,241,168,178,167,175,350,354,168,172,276,280,147,147
"662","HR3_36_01",140,142,266,266,126,128,274,277,149,152,239,241,168,182,169,169,350,354,172,202,272,276,145,147
"663","PM3_53_03",132,132,266,266,122,126,277,277,140,140,241,269,164,186,173,185,350,350,168,168,280,298,145,145
"664","PM3_52_03",130,132,266,266,126,126,274,274,146,152,241,269,178,180,177,181,350,350,170,170,268,270,145,147
"665","HR3_05A_04",136,142,266,268,128,130,274,277,134,146,241,259,172,180,167,171,350,350,170,170,276,282,145,147
"666","PM3_51_01",134,138,266,266,128,130,274,277,140,155,235,263,170,172,167,173,350,350,168,172,270,278,145,145
"667","PM3_54_04",140,140,266,266,124,130,274,277,140,146,247,257,172,180,167,173,350,350,172,176,268,276,145,145
"668","W1_15A_01",134,144,266,266,126,126,274,274,134,140,241,243,174,184,167,193,350,350,170,172,280,284,145,147
"669","W1_05_02",144,144,266,266,126,128,274,274,146,152,235,251,180,186,167,175,350,350,170,176,276,294,147,147
"670","ED1_32_01",134,134,266,268,124,128,274,277,134,146,237,257,168,168,169,177,350,350,170,176,276,300,145,147
"671","SD3_39_05",134,142,266,266,126,126,274,277,146,146,243,257,174,192,165,169,350,350,172,172,280,290,145,147
"672","SD3_06_01",138,144,266,266,126,128,277,277,143,146,247,259,172,176,169,179,350,350,170,176,278,278,145,147
"673","PM1_22_02",134,140,266,266,124,126,277,277,143,146,235,245,174,180,169,169,350,350,170,176,276,280,147,147
"674","ED2_28_03",132,144,266,268,116,126,277,277,140,146,241,255,162,176,179,181,350,350,168,180,276,282,147,147
"675","PM3_51_03",140,140,266,268,126,128,277,277,134,143,247,249,178,184,169,177,350,350,170,170,278,296,147,147
"676","PM1_15_02",132,142,266,266,124,126,274,277,146,146,243,257,176,176,171,173,350,350,170,176,276,296,147,147
"677","PM1_04A_01",132,138,266,266,124,126,274,274,137,143,235,241,170,170,167,169,350,350,170,176,268,276,147,147
"678","NR2_43_04",140,144,266,268,124,130,274,277,140,140,243,245,176,178,167,177,350,354,168,170,276,282,145,151
"679","W1_30_01",138,144,266,266,126,128,274,277,143,146,241,241,188,188,167,169,350,350,170,174,274,280,145,147
"680","SD3_39_19",142,144,266,268,126,130,274,277,140,146,243,247,162,172,169,169,350,350,168,170,276,280,145,145
"681","SD3_39_37",128,138,266,266,124,130,274,274,119,155,241,241,166,176,169,173,350,350,172,182,280,280,109,147
"682","SD3_39_01",134,136,266,268,126,130,274,274,146,149,247,249,172,174,169,171,350,350,172,178,280,284,147,147
"683","SD3_40_04",132,140,266,266,124,130,274,274,143,146,247,255,164,174,165,173,350,354,170,172,274,298,145,145
"684","W1_29_01",134,142,266,266,124,126,265,274,146,155,235,241,174,178,169,171,350,350,168,174,276,280,145,147
"685","W1_19_01",132,134,266,266,128,130,277,277,137,140,241,251,180,186,177,187,350,350,168,176,278,280,145,147
"686","SD2_40_01",132,144,266,266,126,126,274,277,146,161,241,253,174,180,163,191,350,350,170,170,276,280,145,145
"687","ED2_16_01",134,144,266,266,122,126,274,274,140,146,247,253,182,186,173,179,350,350,170,176,270,282,145,147
"688","W9_11_02",144,146,266,266,124,132,274,274,134,146,229,241,168,188,171,187,350,350,178,178,270,288,145,147
"689","SD2_01_01",144,144,266,266,124,130,274,274,134,146,241,255,168,174,167,175,350,350,176,0,274,282,145,147
"690","HR3_21_01",134,134,266,266,126,130,274,274,146,146,235,243,166,172,171,177,350,350,168,168,266,278,147,147
"691","HR3_32_24",140,142,266,266,124,126,274,277,140,140,243,257,170,190,175,197,350,350,172,174,280,282,145,147
"692","NR2_01_02",132,138,266,266,126,126,274,274,146,146,243,243,176,184,167,175,350,350,174,176,274,276,147,147
"693","PM4_65_01",132,138,266,266,124,128,274,277,137,146,243,255,176,184,165,169,350,350,172,0,276,276,145,145
"694","SD8_36_21",134,134,266,266,124,126,274,277,143,146,241,255,178,182,167,173,350,358,170,186,270,280,145,149
"695","SD8_25_02",136,140,266,266,122,128,274,274,140,146,235,241,178,184,167,171,350,350,168,170,276,296,149,149
"696","HR16_32_01",134,136,266,266,124,128,274,274,137,143,241,247,178,180,171,175,350,350,172,174,278,286,145,147
"697","PM14_48_01",132,144,266,266,122,130,274,274,146,146,241,243,168,178,169,169,350,350,170,170,270,280,147,147
"698","PM14_63_01",134,138,266,266,124,128,274,277,143,146,243,243,166,174,169,169,350,354,174,174,276,292,147,147
"699","PM14_69_01",132,144,266,266,122,130,274,274,140,146,241,243,170,170,169,173,350,350,170,0,270,276,147,147
"700","ED5_07_01",132,144,266,266,124,132,274,277,140,143,243,251,174,174,167,167,350,350,170,170,270,276,145,145
"701","ED5_09_01",138,144,266,266,122,128,274,277,140,155,241,255,172,178,169,169,350,350,168,176,272,284,145,147
"702","HR4_19A_34",134,140,266,266,124,126,274,277,134,146,241,243,178,186,169,171,350,350,170,176,282,292,147,149
"703","ED5_25A_01",132,140,266,268,122,128,274,274,119,146,241,243,172,186,167,169,350,350,174,180,278,292,145,147
"704","ED5_14_02",134,136,266,266,126,128,274,277,134,146,235,241,166,180,169,169,350,350,168,172,276,276,145,147
"705","HR5_24_02",134,152,266,266,124,130,274,277,143,146,235,257,178,182,169,187,350,350,174,174,268,276,147,149
"706","HR4_19A_25",134,134,266,266,124,128,274,274,137,140,255,289,166,174,169,171,350,350,170,174,268,278,147,147
"707","HR5_10_01",134,134,266,268,124,128,277,277,143,0,241,243,172,178,167,169,350,350,170,172,268,268,147,149
"708","HR5_11_01",130,140,266,268,122,124,274,277,140,146,243,253,154,180,169,169,350,350,172,188,276,282,147,149
"709","HR5_19A_01",132,138,266,268,122,130,274,274,140,140,235,241,166,176,167,169,350,350,168,170,276,280,145,147
"710","ED5_25A_04",134,142,266,266,116,130,274,277,119,140,241,257,160,178,169,171,350,350,170,172,272,276,147,151
"711","HR4_07_02",132,138,266,266,124,130,274,274,140,149,237,239,170,178,173,179,350,350,174,176,276,280,147,147
"712","ED5_10_03",136,142,268,268,122,130,274,274,146,149,243,253,182,190,171,181,350,354,168,170,276,298,147,147
"713","HR5_32_03",132,142,266,266,116,130,274,277,140,143,239,243,168,178,169,169,350,350,170,176,268,288,145,147
"714","HR4_07_06",132,138,266,266,128,128,274,277,134,140,243,267,182,184,171,177,350,354,172,174,276,292,147,147
"715","ED5_10_01",132,142,266,266,128,130,274,277,140,146,235,241,174,188,167,169,350,350,168,172,280,280,145,147
"716","ED5_25A_02",132,138,266,266,126,130,274,277,140,143,251,253,178,180,173,193,350,354,170,170,268,276,145,145
"717","HR5_32_01",132,134,266,266,128,130,274,274,134,140,241,243,174,176,171,173,350,350,168,170,270,270,145,147
"718","ED5_10_06",136,138,266,266,122,124,277,277,146,146,249,255,180,184,167,169,350,350,168,170,276,292,145,147
"719","HR4_05A_04",132,144,266,266,124,124,274,274,134,146,229,241,174,174,169,169,350,350,168,174,280,280,145,147
"720","HR4_07_01",134,144,266,268,124,126,274,277,140,146,241,247,178,180,169,177,350,354,170,176,270,276,145,147
"721","HR4_07_05",132,134,266,266,126,128,277,277,119,143,243,251,174,176,167,173,350,350,170,176,280,280,147,147
"722","ED5_11_01",128,134,266,266,126,130,274,274,140,146,243,243,168,172,163,173,350,354,168,172,278,292,145,147
"723","HR5_32_02",134,138,266,268,122,126,274,274,137,161,235,243,174,182,167,179,350,350,168,180,272,280,145,145
"724","PM2_51_05",134,140,266,268,124,124,274,274,140,167,243,247,172,180,167,169,350,350,168,170,276,288,147,147
"725","ED4_17_01",134,144,266,266,122,128,274,277,146,146,241,241,180,194,167,181,350,350,168,168,268,274,145,147
"726","HR4_07_07",132,138,266,266,122,128,274,274,140,146,237,255,170,174,171,179,350,350,174,174,272,276,147,147
"727","ED4_10_02",132,138,266,266,126,128,274,274,143,146,241,247,170,186,169,171,350,354,168,170,270,300,145,145
"728","ED4_13_03",130,132,266,266,122,128,274,277,140,146,241,257,168,180,169,169,350,354,170,170,268,274,147,147
"729","HR4_10_03",134,144,266,266,122,128,274,277,137,146,243,243,178,188,169,173,350,354,170,170,278,284,145,145
"730","HR4_07_04",132,144,266,266,126,128,274,274,146,146,231,243,180,188,169,177,350,350,170,174,268,280,145,145
"731","ED4_10_05",130,134,266,266,128,130,277,277,140,146,241,247,170,184,167,167,350,350,170,170,280,284,145,149
"732","HR4_07_08",142,144,266,268,116,124,274,274,140,140,241,255,168,176,169,185,350,350,170,176,270,278,147,147
"733","HR4_07_03",132,144,266,266,130,130,274,274,134,149,239,255,170,178,171,179,350,350,170,172,276,280,147,147
"734","HR4_19A_32",134,146,266,268,124,126,274,274,140,143,243,247,176,184,177,181,350,350,172,182,276,280,145,149
"735","HR4_19A_03",134,138,266,268,122,130,274,274,140,146,241,267,166,178,167,169,350,350,166,168,276,280,145,147
"736","SD2_31_01",132,160,266,266,124,130,277,277,146,149,239,243,174,180,187,197,350,350,170,172,274,276,147,149
"737","W2_26_05",134,134,266,268,126,126,277,277,146,155,241,255,174,176,167,167,350,350,170,172,278,294,145,147
"738","W2_28_01",132,132,266,266,124,124,274,274,152,152,241,241,166,166,169,169,350,350,180,180,276,276,147,147
"739","ED4_10_06",132,136,266,266,130,130,274,277,146,146,235,243,168,172,167,173,350,354,170,172,276,280,147,147
"740","ED4_10_04",134,142,266,266,124,130,274,274,146,146,231,235,170,186,173,189,350,350,168,172,276,278,145,145
"741","ED5_10_04",130,138,266,266,126,126,274,277,134,140,247,255,162,182,169,171,350,354,168,172,276,282,147,147
"742","HR4_19A_24",132,138,266,268,122,130,274,274,140,146,235,241,166,178,167,169,350,350,168,170,276,280,145,147
"743","HR4_12_01",144,148,266,266,116,132,277,277,146,146,249,249,168,176,167,173,350,350,170,172,276,298,145,145
"744","ED4_10_08",140,160,266,266,126,128,274,277,146,146,247,255,180,186,169,175,350,350,170,172,276,284,147,147
"745","HR5_19A_04",140,146,266,268,124,126,274,277,143,146,235,247,178,184,177,181,0,0,172,182,276,280,145,149
"746","ED4_10_03",132,134,266,268,126,128,274,277,134,146,239,241,162,182,171,185,350,354,168,172,282,284,145,147
"747","PM2_43_02",132,134,266,268,122,124,274,277,146,164,235,239,168,176,169,169,350,350,176,180,276,280,147,147
"748","W2_28_03",140,140,266,266,130,130,277,277,146,146,263,263,182,182,171,171,350,350,170,170,280,280,145,145
"749","W2_33_01",134,152,266,266,122,124,274,274,146,182,239,241,176,176,169,171,350,354,170,172,268,268,147,147
"750","SD2_08_01",132,142,266,266,124,130,274,274,146,161,241,243,176,180,167,173,350,350,172,176,268,278,147,147
"751","SD2_13_02",132,138,266,266,126,128,274,277,140,146,241,247,174,180,167,169,350,350,170,176,270,280,145,145
"752","PM2_53_06",132,132,266,268,124,124,274,274,140,164,235,241,176,190,169,175,350,354,168,176,276,276,145,145
"753","PM2_51_10",132,134,266,266,128,128,274,274,143,167,235,243,178,186,165,167,350,350,170,170,268,270,147,149
"754","SD2_39_02",144,144,268,268,132,132,277,277,146,146,263,263,176,176,167,167,350,350,170,170,298,298,145,145
"755","W2_28_02",134,144,266,266,126,128,274,277,140,146,251,255,168,178,169,171,350,350,166,174,280,294,145,147
"756","SD2_13_01",134,134,266,266,124,124,274,274,146,146,241,241,178,178,171,171,350,350,198,198,280,280,147,147
"757","W2_22_01",128,146,266,266,124,128,274,277,143,143,243,243,170,180,169,181,350,354,172,178,276,276,145,147
"758","SD2_40_04",134,136,266,266,126,130,274,274,137,143,243,255,168,168,171,175,354,354,168,172,276,276,145,145
"759","ED1_20_01",128,132,266,266,124,128,274,277,146,149,241,241,166,178,171,171,350,354,170,170,268,270,147,147
"760","W2_13_01",136,144,266,266,126,136,274,274,143,146,243,245,176,190,169,177,350,350,170,172,268,272,147,149
"761","PM2_51_06",132,136,266,266,124,130,274,274,134,146,243,255,166,186,169,171,350,350,170,0,276,284,145,147
"762","SD2_40_08",138,142,266,266,122,130,274,277,140,146,243,257,176,182,173,185,350,354,172,174,270,278,145,147
"763","PM2_52_13",140,144,266,266,130,130,274,277,119,140,261,261,172,178,169,169,350,350,172,176,280,288,147,147
"764","W2_19_01",132,140,266,266,128,130,274,274,143,155,241,241,166,176,169,171,350,350,174,176,274,280,145,147
"765","PM2_54_01",128,140,266,268,128,130,274,274,143,146,251,253,168,174,171,173,350,354,174,188,276,282,147,147
"766","W2_26_02",138,138,266,266,132,132,274,274,146,146,235,235,174,174,167,167,350,350,172,172,276,276,145,145
"767","PM2_51_14",134,144,266,266,122,126,277,277,143,146,241,259,178,180,169,171,350,350,170,170,268,276,145,147
"768","PM2_51_02",132,142,266,266,122,128,274,277,134,143,235,247,174,180,177,189,0,0,170,176,276,286,147,147
"769","SD3_36_02",134,144,266,266,122,128,274,277,137,140,243,245,178,180,169,169,350,350,168,170,276,280,145,147
"770","PM2_52_14",134,146,266,266,128,128,274,277,143,155,243,263,172,178,169,177,350,350,170,176,276,296,145,145
"771","PM2_51_08",132,134,266,266,126,126,274,274,137,146,251,253,154,168,169,169,350,350,176,180,280,284,147,147
"772","W3_18_07",134,136,266,266,126,128,274,277,143,143,241,243,176,180,171,185,350,350,168,170,276,294,145,145
"773","HR2_28_03",134,142,266,266,128,130,274,274,146,146,243,247,172,180,171,171,350,350,170,172,276,276,145,149
"774","HR2_36_04",132,132,266,268,128,128,277,277,143,143,253,253,174,174,175,175,350,350,170,170,268,268,145,145
"775","SD3_36_03",136,150,266,268,130,130,274,274,134,140,247,249,176,178,169,171,350,350,182,182,276,278,145,147
"776","W3_05_05",128,144,266,266,124,128,274,277,143,143,243,243,170,180,169,181,350,354,172,178,276,280,145,147
"777","PM2_61_01",134,140,266,268,128,128,274,277,119,176,243,257,174,184,169,175,350,350,166,170,268,298,145,147
"778","PM2_56_02",134,140,266,266,122,126,274,277,146,146,241,247,170,186,169,171,350,350,170,172,270,284,145,147
"779","PM2_51_01",130,136,266,266,124,126,277,277,134,146,235,247,170,188,167,169,350,350,172,172,276,282,145,147
"780","HR2_24_02",132,134,266,266,126,130,274,274,134,140,241,259,188,190,169,175,350,350,168,168,278,280,145,147
"781","PM2_52_16",132,134,268,268,126,130,274,274,134,146,241,273,162,174,169,173,350,350,168,170,276,276,145,147
"782","HR2_29_01",134,134,266,268,130,136,274,277,146,146,243,261,176,188,167,173,350,350,166,172,280,282,147,147
"783","PM2_52_07",134,140,266,268,122,126,274,274,140,149,235,255,174,182,167,173,350,354,168,174,276,292,147,147
"784","W3_09_02",134,134,266,268,126,126,274,277,140,146,243,255,180,182,167,169,350,350,168,172,270,280,145,147
"785","W3_26_01",134,142,266,268,124,124,274,277,143,146,233,235,166,186,167,169,350,350,172,178,270,294,145,147
"786","W3_18_06",134,136,266,266,126,128,274,277,143,143,235,243,176,180,177,185,350,350,170,170,276,280,145,145
"787","HR2_18_04",130,140,266,268,126,136,274,277,119,134,241,243,184,184,167,167,350,350,170,172,276,282,147,147
"788","SD3_25_01",134,134,266,266,126,130,277,277,119,149,247,251,174,178,169,177,350,350,170,172,276,280,145,147
"789","PM2_60_01",136,144,268,268,126,128,274,277,140,146,253,261,178,182,167,171,350,350,174,176,276,290,145,145
"790","PM13_72A_01",132,134,266,266,124,126,274,274,143,149,235,253,180,186,171,175,350,350,170,170,268,286,145,147
"791","PM14_54A_01",132,134,266,266,124,130,277,277,119,137,229,0,172,192,165,169,350,350,176,176,280,282,145,147
"792","PM13_43_01",132,136,266,266,130,130,274,274,134,146,241,259,182,182,167,179,350,354,170,176,268,276,145,145
"793","PM13_59_01",134,136,266,268,124,126,274,274,140,152,231,247,170,176,167,169,350,350,170,174,274,278,145,145
"794","PM14_45_01",132,140,266,268,124,130,277,277,140,146,243,243,174,174,169,169,350,350,174,0,274,280,147,147
"795","PM15_54A_01",140,150,266,268,122,124,274,274,143,170,241,243,170,172,169,169,350,350,172,172,278,282,145,147
"796","PM13_52_02",132,144,266,266,122,124,274,277,140,155,241,243,172,182,169,181,350,354,168,170,268,276,147,147
"797","HR18_24_04",134,138,266,268,124,126,274,274,140,161,243,251,166,176,167,173,350,350,168,172,268,280,145,147
"798","SD13_32A_01",132,134,266,266,126,128,274,277,140,146,251,255,168,178,169,171,350,354,168,170,270,280,147,147
"799","W14_32_01",136,138,266,268,122,128,274,274,134,140,241,243,168,186,173,177,350,354,170,172,280,280,145,147
"800","W14_31_01",134,144,266,266,122,128,274,277,143,146,241,257,176,188,167,171,350,350,170,170,276,302,145,145
"801","PM12_48_01",128,136,266,268,122,124,274,274,134,140,245,259,174,184,167,177,350,350,168,170,278,280,147,147
"802","W11_12_01",132,132,266,266,126,128,274,274,143,152,231,261,168,188,167,171,350,354,172,174,280,280,145,147
"803","PM14_52_01",142,146,266,268,124,126,274,274,137,137,235,243,168,168,167,173,350,354,178,196,272,300,145,145
"804","PM11_45_02",134,140,266,268,124,132,274,277,143,143,243,255,172,178,169,171,350,350,168,192,276,278,145,147
"805","HR12_18_01",132,144,266,266,126,126,274,277,134,146,0,0,168,178,171,173,346,350,170,174,272,276,145,147
"806","PM13_59_02",132,134,266,268,130,130,274,277,143,146,241,247,172,178,169,173,350,350,172,182,278,292,145,147
"807","W14_20_01",132,134,266,266,126,128,274,277,134,146,243,253,172,178,167,169,350,350,172,178,268,280,147,151
"808","W14_30_01",130,134,266,266,122,136,274,277,125,134,0,0,180,180,173,173,350,354,172,172,280,288,145,147
"809","SD15_02_01",138,144,266,266,124,128,277,277,140,146,243,257,170,184,169,175,350,350,168,168,280,290,147,149
"810","PM15_54A_03",130,144,266,266,124,130,274,274,143,146,243,243,186,190,169,169,350,350,158,172,268,288,147,147
"811","W13_36_01",134,138,266,266,122,130,274,277,134,140,245,259,172,192,167,177,350,354,168,176,268,276,147,147
"812","NR15_01_01",132,132,266,268,122,126,274,277,143,155,251,255,176,180,167,173,350,350,170,176,268,268,145,147
"813","SD13_15_01",132,132,266,266,124,128,274,277,143,146,241,255,174,182,169,193,350,350,172,174,268,280,147,147
"814","NR14_09A_02",132,134,266,266,126,126,274,274,143,146,243,247,172,174,167,173,350,350,172,174,278,280,145,147
"815","W14_23_02",134,160,266,266,124,126,274,274,143,146,231,247,182,182,167,167,350,354,170,172,268,268,145,147
"816","W16_18_01",132,144,266,266,126,126,277,277,134,146,239,255,176,180,169,169,350,350,170,174,270,276,145,147
"817","PM12_52_02",134,140,266,266,124,130,274,274,146,146,235,241,172,182,165,169,350,350,168,170,276,280,147,147
"818","NR16_15A_01",138,138,266,268,124,130,274,277,113,146,239,243,172,178,163,169,350,350,168,170,274,276,145,147
"819","W14_18_01",132,136,266,266,124,130,274,277,146,164,241,257,172,178,169,169,350,350,172,0,274,280,147,147
"820","PM15_44_01",132,136,266,266,124,128,274,274,134,146,235,243,174,176,167,185,350,350,168,188,270,280,147,147
"821","HR11_23_01",132,138,266,266,128,132,274,274,152,155,247,259,182,188,169,171,350,354,172,174,280,294,147,147
"822","HR15_32_01",132,140,266,266,126,126,274,277,125,143,249,251,168,184,167,173,350,354,170,170,270,284,147,147
"823","PM15_57_02",134,136,266,266,122,126,274,277,134,167,243,269,178,180,169,169,350,350,168,174,272,276,147,147
"824","ED12_19A_01",140,142,266,268,126,130,274,277,146,149,243,255,176,182,165,169,350,354,172,174,280,284,145,147
"825","PM12_52_01",134,140,266,268,126,130,277,277,140,158,235,241,176,178,167,175,350,350,170,170,272,302,147,149
"826","PM15_54A_02",132,142,266,266,130,132,274,274,146,146,247,253,170,178,167,173,350,354,168,170,268,278,145,147
"827","W13_18_02",138,144,266,266,126,126,274,277,140,143,241,241,176,180,167,175,350,350,170,172,280,280,145,147
"828","HR12_24_01",128,140,266,268,124,130,274,274,146,155,235,241,178,184,167,183,350,354,168,174,270,294,145,145
"829","PM14_45_02",132,132,266,266,124,128,277,277,137,146,257,289,180,190,165,173,350,350,174,174,278,296,145,149
"830","W14_30_02",128,140,266,268,126,130,274,274,143,146,253,267,168,176,167,169,350,350,170,172,276,278,147,147
"831","W14_32_02",132,134,266,266,126,128,274,277,146,170,241,241,172,174,165,189,350,350,168,168,272,280,145,147
"832","W13_18_03",132,144,266,266,122,130,274,277,140,143,235,247,154,170,169,177,350,350,168,176,276,282,147,147
"833","W13_02_01",132,144,266,266,122,130,274,277,143,143,241,251,166,180,167,167,346,350,168,170,280,280,147,147
"834","HR14_12C_02",134,140,266,266,126,126,274,274,143,146,241,255,154,180,167,169,350,350,168,170,276,278,147,147
"835","PM15_57_01",134,140,266,266,124,126,274,277,119,149,243,267,168,180,169,169,350,350,172,174,280,288,145,151
"836","HR14_33_01",134,140,266,266,122,124,274,277,134,140,243,247,176,178,169,171,350,350,174,180,276,276,147,147
"837","PM14_56_02",132,0,266,266,122,124,274,274,146,182,239,239,172,176,169,173,350,354,170,176,276,280,145,149
"838","HR13_18_01",132,138,266,266,132,136,274,274,134,146,251,261,176,178,167,169,350,350,172,172,276,276,147,149
"839","W13_13_01",140,144,266,268,122,130,274,274,143,146,247,257,174,192,167,171,350,350,168,170,272,280,145,145
"840","W14_20_02",134,134,266,268,122,128,274,274,140,146,241,241,174,184,169,171,350,350,168,172,276,280,145,147
"841","PM13_58A_01",136,140,266,266,122,124,274,277,140,140,243,259,164,172,167,171,350,354,172,176,280,282,145,147
"842","W15_16_01",132,138,266,266,122,126,274,277,119,155,243,255,178,180,169,171,350,350,170,172,274,276,147,147
"843","W14_19_01",142,142,266,266,124,124,274,274,140,140,235,261,178,178,169,171,350,354,176,192,280,300,145,149
"844","W15_11_01",134,140,266,266,122,128,274,277,140,143,243,245,160,184,169,175,350,362,178,178,274,294,145,145
"845","W13_05_01",134,142,266,266,124,126,274,277,0,0,235,255,172,184,167,169,350,350,168,172,276,284,147,147
"846","W14_29_03",138,144,266,268,130,130,274,277,146,155,241,243,174,182,167,177,350,350,168,172,280,286,145,147
"847","ED11_19A_01",132,138,266,266,122,128,274,274,140,146,243,247,174,178,169,177,350,350,168,174,276,280,147,149
"848","HR12_35_01",138,140,266,266,124,126,274,274,113,140,241,241,172,182,167,173,350,350,168,170,268,276,145,147
"849","HR15_36_01",134,138,266,266,122,126,274,274,140,146,243,243,170,184,167,169,350,350,168,190,270,284,145,147
"850","HR14_11_01",140,140,266,266,126,128,274,274,146,149,231,247,162,174,175,177,350,350,170,174,278,280,147,147
"851","ED7_20A_04",132,134,266,266,122,124,274,277,137,143,243,247,170,186,167,175,350,350,170,174,268,280,145,149
"852","ED8_19A_16",134,138,266,266,124,126,274,277,137,137,235,241,170,178,0,0,0,0,168,196,0,0,147,147
"853","HR3_32_11",140,146,266,266,126,130,274,274,140,143,241,269,176,176,177,187,350,350,172,182,268,278,147,147
"854","HR6_26_01",134,138,266,266,128,132,274,277,119,143,253,253,178,184,169,173,350,350,172,174,276,282,147,147
"855","NR3_03_02",132,136,266,266,128,130,274,277,137,143,0,0,176,184,169,179,350,350,166,182,274,276,147,147
"856","NR3_14B_04",132,132,266,268,122,128,274,274,146,146,245,247,176,176,173,193,350,354,170,176,280,280,147,147
"858","PM2_51_09",132,140,266,266,130,130,274,274,143,143,241,241,168,178,169,181,350,350,170,174,276,284,145,145
"859","PM2_51_12",132,134,266,266,122,128,274,277,134,149,255,257,172,184,171,193,350,354,170,176,276,276,147,151
"860","PM7_62_02",132,134,266,266,124,130,277,277,149,164,243,251,174,176,167,169,350,350,170,172,272,274,147,147
"861","PM16_43_01",134,134,266,266,124,126,274,277,143,146,231,245,168,182,171,187,350,350,170,172,276,294,145,147
"862","SD4_40_07",132,140,266,268,124,130,274,277,140,146,241,255,164,184,165,173,350,354,170,172,274,298,145,145
"863","SD6_26_11",134,142,266,266,122,130,274,274,140,146,243,251,178,182,177,177,350,350,168,170,278,280,145,147
"864","SD8_40_05",132,140,266,266,124,130,274,274,143,146,247,251,180,186,171,177,350,354,170,188,278,280,145,145
"865","SD18_40_03",132,134,266,268,128,128,277,277,146,149,241,241,168,170,167,173,350,350,170,174,278,280,145,147
"866","W2_13_02",132,146,266,266,122,132,274,274,134,140,243,259,154,174,169,169,350,350,168,168,272,276,147,147
"867","W4_32_01",136,150,266,268,122,124,274,277,143,155,241,257,182,184,169,169,350,350,172,176,276,280,147,147
"868","W8_24_04",132,134,266,266,126,126,274,277,134,149,241,243,180,192,167,181,350,350,168,170,270,274,145,145
"869","W9_23A_02",128,132,266,266,126,128,274,274,134,143,241,257,172,182,0,0,0,0,168,172,0,0,147,147
"870","W10_11_01",132,134,266,266,128,128,274,274,146,146,259,273,178,180,167,171,350,350,172,172,280,296,145,149
