"sample_pt","site_id","site_name","type","site_type","transect","latitude","longitude","project_co","subsite","geometry","idwSN_mix","idwSN_imp","landscape_iji_mix_mean","landscape_iji_imp_mean","landscape_iji_1000","landscape_iji_250","prop_seminat_250","prop_seminat_1000"
"ED01","east_delta","point","bumble point","Point",49.0954133,-122.9487118,"FVBomb","eastdelta3","c(-13686587.9912649"," 6291066.56915578)",86833.9412766045,139531.000039187,61.927189261053,54.6494839828407,54.6300906554407,NA,NA,0.0812070168919757
"ED02","east_delta","point","bumble point","Point",49.0907749,-122.9404472,"FVBomb",NA,"c(-13685667.9802013"," 6290278.05485653)",151589.417237438,213706.914114468,60.4047029242545,59.0311895568773,59.0138761113979,61.6911478304174,0.203109706930914,0.109780495633676
"ED03","east_delta","point","bumble point","Point",49.0987358,-122.946095,"FVBomb",NA,"c(-13686296.6904214"," 6291631.42963411)",59408.1616670663,96378.7435546594,43.0746616099556,51.8400088183409,51.4379171340287,56.1328678575284,0.0358090118416715,0.0485091803315195
"ED03A","east_delta","point","bumble point","Point",49.0974676,-122.9461089,"FVBomb","eastdelta3","c(-13686298.2377624"," 6291415.8176303)",69752.672218646,112833.071636119,52.479369247242,56.1098261512667,55.8749543989997,48.6564929855135,0.0715843502429425,0.0544281334980829
"ED04","east_delta","point","bumble point","Point",49.0927295,-122.9514265,"FVBomb","eastdelta3","c(-13686890.1902866"," 6290610.32210145)",141550.088280406,204235.265751342,57.3034048931509,54.6254434082383,54.5717022221785,77.1733125719459,0.115182927447739,0.107788044851055
"ED05","east_delta","point","bumble point","Point",49.0935866,-122.9462978,"FVBomb","eastdelta3","c(-13686319.2660142"," 6290756.02675733)",125675.782998025,179783.48462441,57.5732003542986,54.5196607715791,54.4793476094045,86.0089659911263,0.139025961182479,0.0922923389764942
"ED06","east_delta","point","bumble point","Point",49.0937503,-122.9571174,"FVBomb","eastdelta3","c(-13687523.6983768"," 6290783.85559574)",141189.256941955,204254.836356334,54.7006333863375,55.0954852984369,55.0396940470494,55.8055754962647,0.0635732035093057,0.111542126016189
"ED07","east_delta","point","bumble point","Point",49.0970105,-122.9571978,"FVBomb","eastdelta3","c(-13687532.6484638"," 6291338.10549178)",73081.8771296747,117461.185951409,60.2504481346334,58.018151277328,57.8664080512936,65.3883731818097,0.0927978822670291,0.0509988019593659
"ED08","east_delta","point","bumble point","Point",49.0997958,-122.9571976,"FVBomb",NA,"c(-13687532.6261999"," 6291811.64890904)",79541.5427488011,139018.835196546,60.7702179980567,57.2568036052301,57.3755428109381,67.1183172445029,0.0738251970260977,0.0553242240798728
"ED09","east_delta","point","bumble point","Point",49.1028941,-122.9571922,"FVBomb","eastdelta2","c(-13687532.0250747"," 6292338.43831645)",216619.593034534,374727.020930177,62.1847295484451,61.3327644938102,61.523002082404,78.2104689099047,0.0623618070065115,0.184997184586166
"ED10","east_delta","point","bumble point","Point",49.1053113,-122.9572629,"FVBomb","eastdelta2","c(-13687539.8953627"," 6292749.44632665)",497005.320887435,761254.127425647,74.8329234777333,70.2997304572141,70.5559534965637,75.3747837063203,0.401345950989938,0.392876673630484
"ED11","east_delta","point","bumble point","Point",49.0998336,-122.9364988,"FVBomb","eastdelta1","c(-13685228.4463239"," 6291818.07566746)",118062.454340571,154933.665350022,66.5404475111856,68.5755337195077,68.3809688994334,55.2415702393357,0.230470394319767,0.0727665238487292
"ED12","east_delta","point","bumble point","Point",49.0941941,-122.9295817,"FVBomb","eastdelta4","c(-13684458.4382741"," 6290859.30161929)",135272.990558188,218915.683242289,59.9568536602219,61.8281815994647,61.5916426706311,60.2291069208492,0.0266571993711011,0.128190404687903
"ED13","east_delta","point","bumble point","Point",49.0968308,-122.9358556,"FVBomb",NA,"c(-13685156.8456274"," 6291307.55466765)",120305.305086375,172825.564513431,67.8187461818857,67.2467835111978,67.4169172701393,62.2378440984031,0.135149114844546,0.0762666625946661
"ED14","east_delta","point","bumble point","Point",49.0974916,-122.9390522,"FVBomb",NA,"c(-13685512.6895117"," 6291419.89791987)",112046.024237437,157853.362060168,63.8690814355036,64.3313816019474,64.2568998668626,55.3655749764326,0.0819459305952097,0.0748556369660986
"ED15","east_delta","point","bumble point","Point",49.0918464,-122.9461469,"FVBomb","eastdelta3","c(-13686302.467903"," 6290460.20014786)",149628.543098439,201432.948198983,57.7854196173559,55.15324258758,55.2180198838734,73.1169385710966,0.142199275766582,0.0961335475353513
"ED16","east_delta","point","bumble point","Point",49.0908698,-122.9480405,"FVBomb","eastdelta3","c(-13686513.2624908"," 6290294.18683799)",152758.290592957,209266.111603903,58.3135663975009,57.0410593221053,56.8211505139153,53.0212011021864,0.204681002130033,0.0941340287160308
"ED17","east_delta","point","bumble point","Point",49.0940828,-122.9349878,"FVBomb","eastdelta4","c(-13685060.2425733"," 6290840.38055002)",128499.342080853,200507.833347707,61.5585863660803,63.5219051342452,63.473556359034,60.8042825670653,0.0741302363322852,0.113353731978599
"ED19","east_delta","point","bumble point","Point",49.097524,-122.9296783,"FVBomb",NA,"c(-13684469.1917369"," 6291425.40631392)",101813.531071569,159304.958642243,63.991863334038,63.7064215417903,63.7505542353111,73.3769815760098,0.0760933506430281,0.0740701033630285
"ED19A","east_delta","point","bumble point","Point",49.0978928,-122.9307244,"FVBomb",NA,"c(-13684585.6430563"," 6291488.10705269)",103884.944722787,158056.867573492,64.9639451860678,64.470115567789,64.4967067326604,74.4617544999007,0.0501739403835817,0.0802032152417794
"ED20","east_delta","point","bumble point","Point",49.1038044,-122.9295192,"FVBomb","eastdelta1","c(-13684451.4808059"," 6292493.218604)",85410.2647801171,134494.757154966,55.7389943422279,58.9706642137742,58.6649084458633,62.7126956328552,0.0417549981234848,0.0742767287394372
"ED20A","east_delta","point","bumble point","Point",49.1046332,-122.9294281,"FVBomb","eastdelta1","c(-13684441.3396003"," 6292634.14373876)",88118.5161725763,135878.771697392,58.8045237359555,59.2156375389241,61.0141887484768,61.5933497899909,0.0396376565345073,0.0777884881512517
"ED21","east_delta","point","bumble point","Point",49.1038219,-122.9321746,"FVBomb","eastdelta1","c(-13684747.0785818"," 6292496.19419486)",96535.769714603,144655.266253991,64.9328481967364,59.9266608073718,59.6130558342107,53.6618016395674,0.0460515639579699,0.0807270409055945
"ED21A","east_delta","point","bumble point","Point",49.1046683,-122.9321746,"FVBomb","eastdelta1","c(-13684747.0785818"," 6292640.11202458)",101214.411930397,147500.101387992,62.9167714900817,61.0614426906137,61.0869041955987,61.4422211216904,0.0515601941304447,0.0848758411871706
"ED22","east_delta","point","bumble point","Point",49.1038126,-122.9448933,"FVBomb","eastdelta2","c(-13686162.9177894"," 6292494.61288073)",65826.1420502456,133493.072805249,43.0827366934893,47.8445000598269,47.3547091549137,84.2615707536218,0.0261785946121389,0.0541358468693364
"ED22A","east_delta","point","bumble point","Point",49.1028989,-122.9460592,"FVBomb","eastdelta2","c(-13686292.7051837"," 6292339.25446344)",55791.7629174133,112258.556260193,53.5419696364207,42.4973329079926,42.0608812307933,56.7517975536262,0.0357213491351113,0.0380350170415251
"ED22B","east_delta","point","bumble point","Point",49.1046204,-122.9460145,"FVBomb","eastdelta2","c(-13686287.7292024"," 6292631.96727091)",96746.72225946,191142.530473846,45.1064273160596,48.6445185358767,48.368815430759,78.5220011892261,0.0346065683510153,0.0904750028312607
"ED23","east_delta","point","bumble point","Point",49.102078,-122.944947,"FVBomb","eastdelta2","c(-13686168.895646"," 6292199.67747329)",49967.4428330221,93568.1786422876,47.5014839875105,45.2047710343913,44.7495099912257,68.3417925859964,0.0428751832110236,0.0417429639969918
"ED23A","east_delta","point","bumble point","Point",49.1010173,-122.9460843,"FVBomb",NA,"c(-13686295.4993029"," 6292019.33089406)",48658.6847302506,85185.4898238016,48.3581342522318,42.7957803834584,44.6945361238241,56.4048497963057,0.042233378974593,0.0385857920681049
"ED24","east_delta","point","bumble point","Point",49.103752,-122.9407291,"FVBomb",NA,"c(-13685699.3611658"," 6292484.3088411)",64759.3819134852,119024.310399825,62.1199504803139,58.1619358573954,57.8339714294554,74.683218841375,0.0094185551114808,0.0598408549157113
"ED24A","east_delta","point","bumble point","Point",49.1046616,-122.940654,"FVBomb",NA,"c(-13685691.001072"," 6292638.97277882)",70794.4193365951,133996.092456496,62.7320154280715,58.6434542898807,58.1494435576538,82.2606801580425,0.00520323554022872,0.0700604684780064
"ED25","east_delta","point","bumble point","Point",49.102064,-122.9407306,"FVBomb",NA,"c(-13685699.528145"," 6292197.29708417)",69086.697996102,112867.728659182,62.9243329058823,62.5222283715432,62.3355007391206,67.5779737535515,0.0217659200056798,0.0609447327492444
"ED25A","east_delta","point","bumble point","Point",49.1009682,-122.9383971,"FVBomb",NA,"c(-13685439.7641133"," 6292010.98271075)",98713.6412079875,137134.891922207,68.8933533117244,64.7980156839416,64.8304228367552,54.3484340362155,0.143703282994757,0.0661216205683855
"ED25B","east_delta","point","bumble point","Point",49.10081,-122.9371909,"FVBomb","eastdelta1","c(-13685305.4905435"," 6291984.08495432)",108480.246010614,146489.151211877,69.534918061708,66.2602021450895,66.4893476192702,55.6924111979221,0.219912467099091,0.0692052387076989
"ED26","east_delta","point","bumble point","Point",49.1037681,-122.9362985,"FVBomb","eastdelta1","c(-13685206.1490299"," 6292487.04638175)",94342.726419704,140186.671811926,62.0501709955819,64.3566369409769,64.211707734481,81.7670086365835,0.0485908599887411,0.0728167802091005
"ED26A","east_delta","point","bumble point","Point",49.1046742,-122.9356172,"FVBomb","eastdelta1","c(-13685130.3070608"," 6292641.11524113)",100501.9825973,146100.742365084,63.5450306076568,63.4025495144475,63.2481254792553,78.2032034865021,0.0851327155327642,0.075929534338092
"ED27","east_delta","point","bumble point","Point",49.1002059,-122.9312067,"FVBomb","eastdelta1","c(-13684639.3324467"," 6291881.37439888)",99158.1882193015,145967.465731838,66.0668939102484,62.0426586656551,62.0308002849508,76.8409856759111,0.0856113830623684,0.082319896594299
"ED27A","east_delta","point","bumble point","Point",49.1002656,-122.9297475,"FVBomb","eastdelta1","c(-13684476.8950457"," 6291891.52468282)",91464.4214114166,139144.8217162,59.4301247966347,61.2599769102292,61.2510485088039,59.9621906678171,0.0745353584015822,0.0824578515320295
"ED28","east_delta","point","bumble point","Point",49.1002867,-122.9346774,"FVBomb","eastdelta1","c(-13685025.6890034"," 6291895.11213953)",116159.546798525,156014.550410929,67.0801848238075,68.7191914712635,68.6833465529287,71.2038008690814,0.206766097500368,0.0712377679082976
"ED28A","east_delta","point","bumble point","Point",49.1007889,-122.9346452,"FVBomb","eastdelta1","c(-13685022.1045158"," 6291980.49745979)",113099.358622426,153807.19433553,66.3599043684321,68.5008002024871,68.4575079452042,71.789626781922,0.185203967787086,0.0700279283311749
"ED29","east_delta","point","bumble point","Point",49.0946604,-122.9406617,"FVBomb",NA,"c(-13685691.8582321"," 6290938.57337071)",117945.147109227,178759.130005295,57.7111070904648,57.5302872219057,59.6970042428502,66.916617880494,0.0938858096218502,0.0994893146738444
"ED31","east_delta","point","bumble point","Point",49.091685,-122.9349074,"FVBomb","eastdelta4","c(-13685051.2924862"," 6290432.7633588)",166901.841528838,235593.659994719,63.889724221416,60.0294544982641,59.8156966162153,59.5723469106741,0.138470043465251,0.118253021438774
"ED32","east_delta","point","bumble point","Point",49.0910852,-122.9303897,"FVBomb","eastdelta4","c(-13684548.3844227"," 6290330.80264058)",203959.818181911,276390.261206512,63.3798647128926,62.0576730922097,61.9724657397855,63.4712352733602,0.319027863714283,0.137828201962412
"HR01","harvey_road","point","bumble point","Point",49.1512987,-122.715387,"FVBomb",NA,"c(-13660614.3933395"," 6300572.71961112)",141529.504167643,220910.313570844,62.0567388521181,64.040793950435,63.9485090699791,69.5911089409983,0.0796506408468206,0.108312726409725
"HR03","harvey_road","point","bumble point","Point",49.1515935,-122.7194854,"FVBomb","hr3","c(-13661070.6251406"," 6300622.89374232)",158932.469439046,240814.341622711,64.1168060838846,62.8459385782505,62.8026540289566,71.2931046117053,0.0425898784377964,0.142310610458874
"HR04","harvey_road","point","bumble point","Point",49.1534069,-122.719946,"FVBomb","hr3","c(-13661121.898898"," 6300931.5358913)",200465.895208288,278343.202249444,68.4572911938322,64.2567951428299,64.2431521677173,57.615489828414,0.123199724126739,0.153187536485001
"HR05","harvey_road","point","bumble point","Point",49.1553639,-122.7201662,"FVBomb",NA,"c(-13661146.4114499"," 6301264.63155261)",207213.048715568,285084.473451029,70.2736272778546,69.8489651910639,69.8760395054604,69.9716685398052,0.287941413639384,0.147462212505822
"HR05A","harvey_road","point","bumble point","Point",49.1556885,-122.7208475,"FVBomb",NA,"c(-13661222.253419"," 6301319.88211049)",207655.571775553,287322.281779005,69.6983418282279,69.3327984932969,69.3459533695293,66.3710800441701,0.253712193439763,0.142732528176461
"HR06","harvey_road","point","bumble point","Point",49.1553991,-122.7262363,"FVBomb",NA,"c(-13661822.131891"," 6301270.62296961)",231933.804785828,314347.354779354,59.460799559625,61.1500319530826,60.7637685180877,55.9452914240277,0.345521301898179,0.151254866143476
"HR06A","harvey_road","point","bumble point","Point",49.1557745,-122.7263221,"FVBomb",NA,"c(-13661831.6831033"," 6301334.52033498)",228559.747543214,312818.984067157,59.4367516886653,61.0002117047794,60.9112607076337,56.0323414488218,0.335463258785942,0.151190005436807
"HR07","harvey_road","point","bumble point","Point",49.1534587,-122.7244539,"FVBomb","hr3","c(-13661623.7160306"," 6300940.35245924)",234055.73564696,310920.436026949,59.9837557349738,61.3995399655516,61.0429557434205,66.8552470372903,0.321677789723513,0.14283678273105
"HR07A","harvey_road","point","bumble point","Point",49.1534589,-122.7224307,"FVBomb","hr3","c(-13661398.4944368"," 6300940.38650006)",222090.495794432,299456.061473242,66.0139053621551,63.8285625076234,63.7140151829176,67.9197306903164,0.154591601292109,0.144992512843646
"HR08","harvey_road","point","bumble point","Point",49.1518968,-122.7261292,"FVBomb","hr3","c(-13661810.2095735"," 6300674.51486124)",214482.611580343,300093.656747016,57.9423315668412,58.3886696666337,58.0650539439495,60.8745652633817,0.348018805248023,0.141614975596131
"HR09","harvey_road","point","bumble point","Point",49.1626103,-122.7282396,"FVBomb","hr2","c(-13662045.1382269"," 6302498.13623397)",427816.192429523,614398.617549216,70.6846892361981,71.5599818253682,71.5299761172586,56.7932125573021,0.239711125424107,0.335051500477498
"HR10","harvey_road","point","bumble point","Point",49.1588394,-122.7276809,"FVBomb","hr2","c(-13661982.9440274"," 6301856.21941965)",218466.572322339,338697.725085759,62.0793490955654,66.2056458206029,65.5999034509128,58.1172842844845,0.263662871776668,0.171901841271457
"HR11","harvey_road","point","bumble point","Point",49.1627115,-122.7235836,"FVBomb","hr2","c(-13661526.8346777"," 6302515.36408972)",363064.707433574,546741.529940122,72.6851469464755,76.2504109078426,76.108949600843,63.026773019137,0.229331048051764,0.2967259780137
"HR12","harvey_road","point","bumble point","Point",49.1590772,-122.7236265,"FVBomb","hr2","c(-13661531.6102839"," 6301896.69844951)",179239.701150958,306410.665617714,65.506349347429,70.3335718462891,70.0289782304192,65.3968172997557,0.0385899061628202,0.165496014671988
"HR12A","harvey_road","point","bumble point","Point",49.1590772,-122.7254287,"FVBomb","hr2","c(-13661732.2302702"," 6301896.69844951)",203218.335015164,332072.623084283,60.4084297366287,69.2239094080526,68.6166827077733,70.7929534069822,0.0481093555831706,0.172314602109016
"HR12B","harvey_road","point","bumble point","Point",49.1590491,-122.7221993,"FVBomb","hr2","c(-13661372.7351066"," 6301891.91517303)",160131.111207328,283380.820121314,69.2349208986281,70.9082039251761,70.9198389733263,69.7648468000505,0.0537878711038533,0.153894483951689
"HR12C","harvey_road","point","bumble point","Point",49.1604103,-122.7221135,"FVBomb","hr2","c(-13661363.1838943"," 6302123.62633218)",177325.365258192,323711.817703856,70.0679794150207,72.5895959270083,72.0053098106945,60.5758230019567,0.0441474794603915,0.177240285613849
"HR13","harvey_road","point","bumble point","Point",49.1627706,-122.7182544,"FVBomb",NA,"c(-13660933.5908474"," 6302525.42503756)",211663.855879854,374940.967614852,72.6022227989254,72.9184217270056,72.8590303066413,66.4234727527356,0.0647193062528526,0.210906226607711
"HR14","harvey_road","point","bumble point","Point",49.1589819,-122.7208294,"FVBomb","hr2","c(-13661220.2385362"," 6301880.47617409)",145690.661030403,262967.579197075,71.4895444742385,71.9552367074679,71.848544165277,77.5259311167667,0.0481375358166189,0.148551717073192
"HR15","harvey_road","point","bumble point","Point",49.1571947,-122.7208582,"FVBomb",NA,"c(-13661223.4445375"," 6301576.25896881)",176443.012447261,267842.6461508,70.2257161708938,69.071388664856,69.1503306776433,57.9908137400767,0.0602063173270038,0.136077597382456
"HR16","harvey_road","point","bumble point","Point",49.159073,-122.7088316,"FVBomb","hr1","c(-13659884.6495496"," 6301895.98351121)",249378.995837033,385936.220851486,72.3115383418453,70.3922929615847,70.3329801608016,74.122738695723,0.111879139492662,0.198614771276927
"HR18","harvey_road","point","bumble point","Point",49.1589046,-122.7058168,"FVBomb","hr1","c(-13659549.0435487"," 6301867.31794004)",320439.753340867,485930.206439518,69.2481177831594,71.3664402443862,71.2061271332397,66.2399380040254,0.142792669445543,0.261197491181725
"HR19","harvey_road","point","bumble point","Point",49.1573821,-122.7088853,"FVBomb",NA,"c(-13659890.6274062"," 6301608.15768387)",224631.48293978,346787.113257568,71.7507533276538,70.712303735338,70.6704120516609,67.9653971821163,0.0995588011562452,0.17844136277686
"HR19A","harvey_road","point","bumble point","Point",49.1578943,-122.7080699,"FVBomb","hr1","c(-13659799.8574934"," 6301695.34358166)",246332.814211823,381584.303716293,71.8470363848252,70.8720460127682,70.7131828281491,72.7453806658223,0.117837075802755,0.191928546137477
"HR20A","harvey_road","point","bumble point","Point",49.1607689,-122.7016926,"FVBomb","hr1","c(-13659089.9397048"," 6302184.67031129)",464893.42003556,676214.18278246,64.0270196683892,65.8256710415818,65.624280600824,73.8103855614155,0.279194433456065,0.350062734458906
"HR21","harvey_road","point","bumble point","Point",49.1517732,-122.712283,"FVBomb","hr4","c(-13660268.8576401"," 6300653.47832359)",144530.547011154,229373.633409129,67.3038820193276,66.1090190920281,66.0096075393976,61.0199117346287,0.159627555988315,0.111228641689386
"HR21A","harvey_road","point","bumble point","Point",49.1540493,-122.7112586,"FVBomb",NA,"c(-13660154.8219537"," 6301040.87560183)",176017.023502355,255841.569854156,69.2475713445395,72.6999424189714,72.4024602807503,63.7749759424657,0.213966180095556,0.114742510371576
"HR22","harvey_road","point","bumble point","Point",49.1544635,-122.7016219,"FVBomb",NA,"c(-13659082.0694168"," 6301111.37527664)",370482.350391597,559823.100852689,72.13435507469,71.6631284301492,71.6260582153004,74.3865002443844,0.234143546105045,0.300159063434498
"HR23","harvey_road","point","bumble point","Point",49.1518644,-122.70223,"FVBomb","hr4","c(-13659149.7627991"," 6300669.00042396)",304883.346010502,506930.07025612,75.4006569525535,74.2627883216125,74.2987586470455,74.7529117355066,0.0594776876267749,0.255304359665743
"HR24","harvey_road","point","bumble point","Point",49.155363,-122.709293,"FVBomb",NA,"c(-13659936.0123626"," 6301264.47836303)",197157.336924626,298607.683017292,72.2750790587008,72.3812623829123,72.277483374671,66.2198414651412,0.220526708150132,0.137040766173095
"HR25","harvey_road","point","bumble point","Point",49.1628452,-122.7128068,"FVBomb","hr1","c(-13660327.1667894"," 6302538.12466062)",247898.940162836,394969.490721224,75.0736485624619,76.9735312901876,76.9189170258903,66.8339521322453,0.284628999457357,0.20183231741166
"HR26","harvey_road","point","bumble point","Point",49.1592195,-122.7127155,"FVBomb","hr1","c(-13660317.0033199"," 6301920.92127563)",176871.454182829,286386.260664564,72.1094471467648,73.9679931910745,73.9080882569118,69.423612800277,0.0474545841828196,0.154516629918424
"HR27","harvey_road","point","bumble point","Point",49.1555078,-122.7125975,"FVBomb",NA,"c(-13660303.8676199"," 6301289.12490066)",189345.637982247,267672.181954666,70.8987434105771,72.7188009686764,72.5687952838692,69.2848033672579,0.286273555244528,0.127414955057842
"HR28","harvey_road","point","bumble point","Point",49.1535131,-122.7159115,"FVBomb",NA,"c(-13660672.7804124"," 6300949.61156754)",183093.265952484,253923.714388754,71.0947194811758,65.9896742363795,66.0105296218177,75.0771546065883,0.123939490752714,0.118608826000496
"HR29","harvey_road","point","bumble point","Point",49.1482013,-122.7015327,"FVBomb","hr4","c(-13659072.1397182"," 6300045.56888628)",486514.463665255,751183.571385007,76.2363026308936,76.6695198277272,76.6389681936187,71.4542404356383,0.143001318592149,0.440981383840036
"HR31","harvey_road","point","bumble point","Point",49.1479179,-122.711316,"FVBomb","hr4","c(-13660161.2116925"," 6299997.33829986)",220008.041581012,344887.619230598,69.8260452457015,69.0530824073933,68.9688040407434,66.4135701239735,0.0948864760146666,0.185606993312222
"HR32","harvey_road","point","bumble point","Point",49.147953,-122.7201041,"FVBomb","hr3","c(-13661139.4985095"," 6300003.31179789)",108319.792962235,188070.391589788,59.6570031211205,63.3419813201363,63.0536094313977,55.0811174248524,0.106546236471889,0.087892528751721
"HR33","harvey_road","point","bumble point","Point",49.1479665,-122.730115,"FVBomb","hr3","c(-13662253.9067999"," 6300005.60929826)",200702.094683199,296312.749871289,62.1955310591297,61.3638606433239,63.7258767903706,62.2947713923789,0.247544234211848,0.161697913508606
"HR34","harvey_road","point","bumble point","Point",49.1628452,-122.7053717,"FVBomb","hr1","c(-13659499.4952434"," 6302538.12466062)",417205.992463137,607826.791846419,69.748914840614,70.9415787993792,70.9960482329496,72.8071866680579,0.366441829800183,0.30388811284915
"HR35","harvey_road","point","bumble point","Point",49.1516644,-122.7064572,"FVBomb","hr4","c(-13659620.3325506"," 6300634.96076754)",162551.775039148,318840.172873597,69.7460461386266,72.438363307726,72.0530236504567,75.9290526296271,0.0162967396376473,0.171135537801102
"HR36","harvey_road","point","bumble point","Point",49.1568666,-122.7016479,"FVBomb",NA,"c(-13659084.9637235"," 6301520.41097547)",431362.374698329,622731.094402836,67.7740479149593,69.0459487376342,69.1139160197679,64.6087731072755,0.348668796592119,0.318591998615515
"NR01","nicomekl_river","point","bumble point","Point",49.089725,-122.7790482,"FVBomb","nr2","c(-13667701.1257068"," 6290099.58518249)",192823.282204608,296054.032622472,60.1255673704232,65.0695474645229,64.7133335932716,53.8703058447333,0.145433429859572,0.156206416508027
"NR02","nicomekl_river","point","bumble point","Point",49.0896266,-122.7732653,"FVBomb","nr2","c(-13667057.3762235"," 6290082.85862487)",132630.562076076,215087.503524956,69.100692325506,70.6584360897516,70.5159184386743,66.9730161278636,0.0724032839590063,0.10413991746506
"NR03","nicomekl_river","point","bumble point","Point",49.0808067,-122.7737623,"FVBomb",NA,"c(-13667112.7020104"," 6288583.73954071)",173685.832072392,243702.067678053,51.5516480498784,51.1066056210165,51.0316779693243,49.8279090519534,0.209509944658899,0.121663455185119
"NR03A","nicomekl_river","point","bumble point","Point",49.0792536,-122.7756076,"FVBomb","nr3","c(-13667318.1198668"," 6288319.78658255)",164554.3906548,235538.554131036,52.927090847956,56.7254702092559,56.5383556107313,57.4486364999215,0.15322695179354,0.121541732400196
"NR04A","nicomekl_river","point","bumble point","Point",49.0857059,-122.7641659,"FVBomb","nr1","c(-13666044.435649"," 6289416.42406894)",133492.590680372,194960.527361525,57.7297390693447,60.5565648308819,59.9381269644857,55.5490850184293,0.159227722471004,0.102901868513696
"NR05A","nicomekl_river","point","bumble point","Point",49.0858886,-122.7602928,"FVBomb","nr1","c(-13665613.2841292"," 6289447.47796503)",130017.064256525,196265.413647061,61.8553040771995,66.0861669525822,65.8866546306009,62.4678099505709,0.153891799503984,0.0940047249074393
"NR06A","nicomekl_river","point","bumble point","Point",49.0895774,-122.7639943,"FVBomb","nr1","c(-13666025.3332243"," 6290074.49535849)",154260.866612987,230316.893088364,72.5834690619167,71.8414361421593,71.788326673208,77.6424003229555,0.0852799293899228,0.118211664551103
"NR07A","nicomekl_river","point","bumble point","Point",49.0896758,-122.7593916,"FVBomb","nr1","c(-13665512.9630041"," 6290091.22189954)",201001.824821307,282791.990308477,70.8175109757605,70.3521126304423,70.2372259046683,64.194984350693,0.237083916509463,0.145816996686809
"NR08","nicomekl_river","point","bumble point","Point",49.0824401,-122.7700635,"FVBomb",NA,"c(-13666700.9534779"," 6288861.34857627)",161745.371209011,222506.534629981,50.8501288039847,50.8679450482804,50.9181790303627,54.9819954727024,0.19358175953912,0.106695217556316
"NR08A","nicomekl_river","point","bumble point","Point",49.0821239,-122.7707824,"FVBomb",NA,"c(-13666780.9810598"," 6288807.607214)",165534.573552392,228081.697881432,49.6927532615207,50.9557025122761,50.9609966711424,53.1387554171918,0.174737685547222,0.111305947322326
"NR08B","nicomekl_river","point","bumble point","Point",49.0815407,-122.7720698,"FVBomb",NA,"c(-13666924.2937722"," 6288708.4874206)",170058.471396846,236080.219145959,50.9570687046561,51.0957243594981,50.7212067713924,52.2574506189098,0.188430347262021,0.113953230167423
"NR09","nicomekl_river","point","bumble point","Point",49.0843568,-122.76717,"FVBomb",NA,"c(-13666378.8505313"," 6289187.11829423)",146014.364946767,205702.483021138,50.6952354998759,56.2611380612545,55.7961496128981,53.0136458661115,0.188970308577804,0.0987700899830188
"NR10","nicomekl_river","point","bumble point","Point",49.0822276,-122.7642625,"FVBomb",NA,"c(-13666055.1891118"," 6288825.23203166)",93409.5038137834,149863.401616189,34.3662437180145,46.2369756555377,47.5015849483855,63.0929642143815,0.0207127750756949,0.0825650978746661
"NR12","nicomekl_river","point","bumble point","Point",49.0789431,-122.7640991,"FVBomb","nr4","c(-13666036.999507"," 6288267.01737521)",72747.4788616762,121070.198536199,46.9224327686323,53.3277379726086,53.1946689816325,62.2208414397043,0.0522354754949692,0.0587568550989784
"NR13","nicomekl_river","point","bumble point","Point",49.0843357,-122.7621382,"FVBomb",NA,"c(-13665818.7131175"," 6289183.53198848)",109115.306165048,167660.161974553,49.2392422738408,53.6645579475171,52.9418532774037,63.0887674556421,0.0180083778767255,0.0878225892140788
"NR13A","nicomekl_river","point","bumble point","Point",49.0833941,-122.7583509,"FVBomb",NA,"c(-13665397.11281"," 6289023.49252084)",92536.1123450722,150474.530022554,58.548265315357,58.1283213025337,58.1689464564455,49.0077324642878,0.078539660322435,0.0708028170716732
"NR14","nicomekl_river","point","bumble point","Point",49.0809811,-122.7584987,"FVBomb","nr4","c(-13665413.5658307"," 6288613.37974191)",76886.593792716,124458.871770698,58.2320045088886,55.8432016384918,55.4700250974104,55.4210451679052,0.0760367962514072,0.0554014761086721
"NR14A","nicomekl_river","point","bumble point","Point",49.0803908,-122.7595179,"FVBomb","nr4","c(-13665527.0226558"," 6288513.05555893)",73056.9631463816,119152.606024093,54.3394770291638,55.0290410563472,54.9071617852099,54.7488371635479,0.0287539936102236,0.054439890732112
"NR14B","nicomekl_river","point","bumble point","Point",49.0825833,-122.7567284,"FVBomb",NA,"c(-13665216.4969362"," 6288885.68696549)",90427.0422087807,145769.862878397,68.3792629410194,59.4774187605115,59.6544587153547,69.3010538385548,0.0818376837759847,0.0701946658174765
"NR15","nicomekl_river","point","bumble point","Point",49.0844805,-122.7567499,"FVBomb",NA,"c(-13665218.8903052"," 6289208.14325484)",108300.936152398,175183.186587403,65.7388280861338,61.866425852232,61.8127147518228,74.5617755556357,0.0839105873284719,0.0922502205356288
"NR15A","nicomekl_river","point","bumble point","Point",49.0859421,-122.7570826,"FVBomb","nr1","c(-13665255.9262998"," 6289456.57149208)",130325.171445217,207135.696309004,65.9342636131587,67.2567378733008,67.1163298373263,80.9789581810127,0.0413718957132062,0.116735286763288
"NR16","nicomekl_river","point","bumble point","Point",49.0850439,-122.7751401,"FVBomb",NA,"c(-13667266.0780048"," 6289303.90351963)",198705.676350442,283623.137550676,61.7197273754507,62.2943624906136,62.2291760485365,54.5681677045645,0.108991231406677,0.139727523868543
"NR17","nicomekl_river","point","bumble point","Point",49.0831222,-122.7734546,"FVBomb",NA,"c(-13667078.4490031"," 6288977.27947964)",197912.718473483,268550.474819987,55.6195845907706,57.3130361628499,57.4199232045197,57.0232936976545,0.186354714531336,0.128301961222206
"NR17A","nicomekl_river","point","bumble point","Point",49.0825808,-122.7743845,"FVBomb",NA,"c(-13667181.9649976"," 6288885.26206285)",200186.425404505,274603.148797304,54.9544134365623,54.1704846011719,54.0988173295083,52.8363934968843,0.221440705900251,0.133516547489453
"NR17B","nicomekl_river","point","bumble point","Point",49.0818854,-122.7743129,"FVBomb",NA,"c(-13667173.994522"," 6288767.07197263)",193617.696192986,266349.407511757,53.4256048039688,51.9493837622378,51.6384752726247,43.2229184198962,0.254969775650128,0.133237070347692
"NR18","nicomekl_river","point","bumble point","Point",49.0867459,-122.7724607,"FVBomb","nr2","c(-13666967.8085612"," 6289593.19654145)",161380.258472446,240499.506490815,65.4202180114637,65.4608552606044,65.319143053595,64.5692793057778,0.110042242021937,0.134754175856302
"NR18A","nicomekl_river","point","bumble point","Point",49.0869812,-122.7734638,"FVBomb","nr2","c(-13667079.4731424"," 6289633.19182696)",163242.299253404,245898.487900973,64.9729660405581,64.8061268899581,64.7107594608377,58.1010245967921,0.0956206415620642,0.137505002478175
"NR19","nicomekl_river","point","bumble point","Point",49.0837697,-122.7707307,"FVBomb",NA,"c(-13666775.2258421"," 6289087.33118002)",179353.0361667,241697.216311093,55.3116227655874,56.4694941065001,55.9855132195039,49.4639044072048,0.278231409820767,0.113129946766832
"NR20","nicomekl_river","point","bumble point","Point",49.0864015,-122.779016,"FVBomb","nr2","c(-13667697.5412192"," 6289534.65724726)",223743.895738073,333159.482148773,60.7618019159509,60.3387694367473,60.0447405246031,63.0286878280945,0.30367639227699,0.165805548335827
"NR22","nicomekl_river","point","bumble point","Point",49.0896056,-122.7690382,"FVBomb",NA,"c(-13666586.817604"," 6290079.28893699)",124884.803391229,201405.901972868,74.7875267916205,73.3059101871678,73.2987136920502,76.1229145120585,0.0915655807537831,0.0990520945570434
"NR23","nicomekl_river","point","bumble point","Point",49.0779816,-122.7790408,"FVBomb","nr3","c(-13667700.3019426"," 6288103.61337145)",175247.165287327,243641.641507113,63.0873137693035,62.7899207911352,62.6232816533823,50.8186487433483,0.229558504270903,0.114753702001707
"NR24","nicomekl_river","point","bumble point","Point",49.0746121,-122.7791267,"FVBomb","nr3","c(-13667709.8642868"," 6287531.00204813)",113695.242265623,171678.230587493,65.8718926703194,65.5374343856334,65.6100997549212,73.5821153701649,0.12035637860917,0.083731354204112
"NR25","nicomekl_river","point","bumble point","Point",49.0746575,-122.7756397,"FVBomb","nr3","c(-13667321.6932224"," 6287538.71704569)",97458.5141892496,153643.984445024,62.0195896656723,59.4812667282869,59.2091803708722,69.143166051666,0.0761828916933815,0.0814507952676825
"NR27","nicomekl_river","point","bumble point","Point",49.0746722,-122.7679758,"FVBomb",NA,"c(-13666468.5517769"," 6287541.21507504)",85473.8753607856,128235.891106278,57.6351969450761,57.6978655393117,57.707436877866,58.1591499408023,0.0828131101318011,0.0612901850701903
"NR28","nicomekl_river","point","bumble point","Point",49.0789405,-122.7679865,"FVBomb",NA,"c(-13666469.7428955"," 6288266.57550884)",87186.9879168833,144038.010638677,40.6141700849832,45.639421748661,45.3570365137608,61.055453202787,0.0431016558054619,0.0817757581676662
"NR29","nicomekl_river","point","bumble point","Point",49.0749252,-122.7620714,"FVBomb","nr4","c(-13665811.2769755"," 6287584.2084852)",94708.2485305271,134730.679839825,61.4484923692385,58.5718631474388,58.5160340473564,62.9057828147876,0.116654833147378,0.0692285105206581
"NR30","nicomekl_river","point","bumble point","Point",49.0749322,-122.7568143,"FVBomb","nr4","c(-13665226.0592804"," 6287585.39802931)",100586.311410513,141567.573957399,60.801540026671,61.4510952540006,61.591644858909,75.2572780103029,0.136200207916022,0.0721286557186382
"NR30A","nicomekl_river","point","bumble point","Point",49.0749955,-122.7581554,"FVBomb","nr4","c(-13665375.3498495"," 6287596.15491433)",99608.1021579131,140787.27233912,63.2935996745699,62.2660743802898,62.4347594398218,73.3841759301608,0.113353485965855,0.0719704368617925
"NR31","nicomekl_river","point","bumble point","Point",49.0774111,-122.7568679,"FVBomb","nr4","c(-13665232.0260052"," 6288006.66012496)",89730.1062836213,131734.180983762,60.5775375885879,57.81844663655,57.522385756466,65.0821632627762,0.0763757524735905,0.0681335279844983
"NR32","nicomekl_river","point","bumble point","Point",49.0896337,-122.7565806,"FVBomb","nr1","c(-13665200.0439154"," 6290084.06551969)",216828.160241797,306451.377261181,72.9435917895274,68.328355397224,68.2315721612668,69.447171825957,0.199804252686454,0.165547625167649
"NR43","nicomekl_river","point","bumble point","Point",49.0834488,-122.776728,"FVBomb","nr2","c(-13667442.8422243"," 6289032.78954792)",210054.373937917,300961.224406935,55.5787144592018,57.4577707221806,57.2495348769711,54.9574073393135,0.17772953010942,0.146161444407153
"NR44","nicomekl_river","point","bumble point","Point",49.0872257,-122.7766365,"FVBomb","nr2","c(-13667432.6564908"," 6289674.75108983)",186942.10586258,283251.539025419,63.5184866040044,61.9579804330941,62.0789762250593,60.9662183572607,0.107884511986041,0.141538875591237
"PM01","pit_meadows","point","bumble point","Point",49.2568274,-122.6668088,"FVBomb","pm2","c(-13655206.6928519"," 6318552.52068084)",98090.2545840557,155294.36738218,64.9994513256521,59.5039484979281,59.270262526452,61.5876017493164,0.0947360413814088,0.0641968726150373
"PM02","pit_meadows","point","bumble point","Point",49.2568204,-122.6611721,"FVBomb","pm2","c(-13654579.2182781"," 6318551.32675895)",121531.780677308,201840.899976059,59.4362921696797,61.2371357779737,60.947156301524,54.6502916066218,0.0611623896946952,0.126490881400462
"PM03","pit_meadows","point","bumble point","Point",49.2573246,-122.6556113,"FVBomb","pm2","c(-13653960.1928537"," 6318637.32368089)",205708.187048836,280996.377622294,65.9219950862006,62.3580680784928,62.1726957437865,75.7492861499427,0.263279609700683,0.135641017320356
"PM04","pit_meadows","point","bumble point","Point",49.2565823,-122.6486697,"FVBomb","pm1","c(-13653187.4574764"," 6318510.71645917)",218609.5949086,284636.245199425,69.5497775704297,69.1550485311461,69.058366646114,72.1647047552358,0.388760956013634,0.134635763043093
"PM04A","pit_meadows","point","bumble point","Point",49.2570725,-122.6502576,"FVBomb",NA,"c(-13653364.2216958"," 6318594.32511011)",222494.072832728,291435.297358802,71.8614861055543,70.9040823432167,71.0100358056958,71.8410259812731,0.349811081526563,0.13729893542869
"PM05","pit_meadows","point","bumble point","Point",49.2566636,-122.6441454,"FVBomb","pm1","c(-13652683.8147042"," 6318524.58295278)",150025.359400921,211187.5981354,58.475487932413,61.3092362334752,61.262335312773,55.1347428852819,0.109138484475073,0.105838111047415
"PM06","pit_meadows","point","bumble point","Point",49.2567056,-122.6391672,"FVBomb","pm1","c(-13652129.6440151"," 6318531.74646396)",71691.0705179551,117020.416922128,38.2513763949242,46.2516508044841,45.6472430739548,77.7549771749024,0.0751507834653059,0.0534633961983239
"PM07","pit_meadows","point","bumble point","Point",49.252674,-122.666841,"FVBomb","pm2","c(-13655210.2773395"," 6317844.14540341)",71066.0863032687,105663.175736206,66.153674668266,67.639551233751,67.5401997695962,73.1348096773536,0.0862198375105233,0.0511552976739436
"PM08","pit_meadows","point","bumble point","Point",49.2494525,-122.6668625,"FVBomb",NA,"c(-13655212.6707085"," 6317294.74960804)",71602.8208726342,110984.797916526,63.8594008330182,67.0211364620678,66.7623249108967,76.6854176386488,0.0753861371072053,0.0523042947267826
"PM09","pit_meadows","point","bumble point","Point",49.2462388,-122.6668942,"FVBomb","pm3","c(-13655216.1995364"," 6316746.71974543)",93058.7824369381,139362.249396011,66.936127946354,62.0937905979661,62.143680301108,75.3585247638965,0.0804112625476163,0.0711065145474136
"PM10","pit_meadows","point","bumble point","Point",49.2423796,-122.6669693,"FVBomb","pm3","c(-13655224.5596301"," 6316088.66038317)",128127.745290213,177614.955508567,64.2977341667394,64.0711765692767,64.2839419988808,74.654034289901,0.152943801761869,0.0852203064585604
"PM12A","pit_meadows","point","bumble point","Point",49.2454815,-122.6549218,"FVBomb",NA,"c(-13653883.4380648"," 6316617.58313473)",121494.24436423,190838.084188796,62.9036955201889,58.0733814762464,58.0014071264591,67.1163537843971,0.0870658876987991,0.0936076465825636
"PM13A","pit_meadows","point","bumble point","Point",49.2422455,-122.6603344,"FVBomb","pm3","c(-13654485.9659407"," 6316065.79497262)",148024.638983296,214850.965853909,61.8500447577423,59.9108799528045,59.8078333246613,59.3800704820628,0.140211425498889,0.112402311626785
"PM14A","pit_meadows","point","bumble point","Point",49.2426377,-122.6558176,"FVBomb","pm3","c(-13653983.1580646"," 6316132.66922656)",175963.345265296,243024.275945144,64.7113003740334,63.8562643398248,63.9705631356039,67.1371436036561,0.210762536514119,0.12957725061311
"PM15","pit_meadows","point","bumble point","Point",49.2458317,-122.650523,"FVBomb",NA,"c(-13653393.7658887"," 6316677.29983173)",118716.676755076,210584.416485828,64.7045912031931,59.3000172410501,59.1739593093267,48.8137720047602,0.0369882047485269,0.127147630766568
"PM16","pit_meadows","point","bumble point","Point",49.2425818,-122.6504693,"FVBomb",NA,"c(-13653387.788032"," 6316123.13765204)",183869.771155629,259744.202011963,64.1141490984096,62.7533015491504,62.607921331745,65.6696923897038,0.121590304013793,0.124008305436995
"PM17","pit_meadows","point","bumble point","Point",49.2459368,-122.6450835,"FVBomb","pm4","c(-13652788.2435185"," 6316695.22174433)",195282.99470541,305424.471285093,68.4211646401204,62.4986149143346,62.5292579688106,65.1288026270615,0.105880025966649,0.171193285245368
"PM18","pit_meadows","point","bumble point","Point",49.2424697,-122.6455448,"FVBomb","pm4","c(-13652839.5951996"," 6316104.02338218)",180429.078793588,285055.670507427,64.0136354030545,65.0398364822372,64.8756193072461,67.6011896621729,0.0987113362849362,0.142194542893963
"PM19","pit_meadows","point","bumble point","Point",49.2471037,-122.6399986,"FVBomb","pm4","c(-13652222.1950398"," 6316894.20698874)",311159.84199329,402760.005982844,64.7928955628785,63.1516265492404,63.1814950368772,66.1660773567058,0.431865094459237,0.194207011075393
"PM20","pit_meadows","point","bumble point","Point",49.2423129,-122.6387496,"FVBomb","pm4","c(-13652083.1569958"," 6316077.28734868)",304440.541227763,424115.44039572,65.1890728156459,65.8857887521882,65.8734031331869,74.2692466259322,0.318349400828647,0.221085046413824
"PM21","pit_meadows","point","bumble point","Point",49.2520491,-122.6557886,"FVBomb","pm2","c(-13653979.9297994"," 6317737.57192475)",102340.25695481,168862.902211336,62.3086208078612,63.8075203127758,63.3148054302264,73.18606739608,0.0706892442199537,0.0879236978096301
"PM22","pit_meadows","point","bumble point","Point",49.2541735,-122.6484337,"FVBomb","pm1","c(-13653161.1860766"," 6318099.88291338)",215345.981123679,287400.423671583,70.5974627020818,66.6180415674828,66.5448632628179,64.925066553473,0.310131653683869,0.144804159039619
"PM23","pit_meadows","point","bumble point","Point",49.2489276,-122.6558294,"FVBomb",NA,"c(-13653984.4716346"," 6317205.23636539)",101593.812516607,153831.22819263,60.7864306960075,56.9500003094789,56.5879022770149,75.9292945697419,0.12941116802759,0.065411466046118
"PM24","pit_meadows","point","bumble point","Point",49.25105,-122.64805,"FVBomb","pm1","c(-13653118.472788"," 6317567.18336475)",200548.036157753,275428.283121667,69.1050030155209,68.4145713093695,68.5371690611535,72.2195777916648,0.27259909928186,0.133170009492761
"PM25","pit_meadows","point","bumble point","Point",49.2530782,-122.6392102,"FVBomb","pm1","c(-13652134.4307532"," 6317913.08035155)",92491.5699384243,172924.704937964,49.7296393346918,52.4979606283227,54.3511644515779,70.4524630815097,0.0274219233383035,0.11722763394817
"PM26","pit_meadows","point","bumble point","Point",49.2502349,-122.6392102,"FVBomb",NA,"c(-13652134.4307532"," 6317428.17709576)",197894.322212775,287822.9911898,60.7135575681844,61.4160026635422,61.2419704894079,63.0929310932421,0.0163810547776386,0.151260929262492
"PM27","pit_meadows","point","bumble point","Point",49.248618,-122.6453219,"FVBomb",NA,"c(-13652814.7820851"," 6317152.43951702)",222265.837070729,306773.186261192,65.2660504403102,63.2180657437149,63.1250345580833,77.3369014712865,0.324404233630688,0.147792340579316
"PM29","pit_meadows","point","bumble point","Point",49.2444799,-122.6476691,"FVBomb","pm4","c(-13653076.0711939"," 6316446.7909446)",146846.414748257,252991.83042059,62.845940394938,63.8156783957965,63.9485049478339,NA,NA,0.147252572457486
"PM30","pit_meadows","point","bumble point","Point",49.2530502,-122.6442098,"FVBomb","pm1","c(-13652690.9836794"," 6317908.30502769)",176406.507338925,258131.306887842,66.548535586634,63.6080895964734,63.5419016578884,60.0633236130116,0.0655946368080488,0.13619688460518
"PM31","pit_meadows","point","bumble point","Point",49.2451356,-122.638063,"FVBomb",NA,"c(-13652006.7250334"," 6316558.60009678)",342605.565273828,449266.301275621,65.036144830466,62.9513867285557,62.8561943464024,64.9953032021551,0.427073930197884,0.219089908726191
"PM32","pit_meadows","point","bumble point","Point",49.250403,-122.642343,"FVBomb",NA,"c(-13652483.172454"," 6317456.84449939)",212731.818094605,301000.872794134,62.4475475545477,60.5308771737387,60.3184789811905,71.7027936434009,0.0572003813696852,0.157392938673399
"PM40","pit_meadows","point","bumble point","Point",49.2568274,-122.6668088,"FVBomb","pm2","c(-13655206.6928519"," 6318552.52068084)",98090.2545840557,155294.36738218,64.9994513256521,59.5039484979281,59.270262526452,61.5876017493164,0.0947360413814088,0.0641968726150373
"PM41","pit_meadows","point","bumble point","Point",49.2568204,-122.6611721,"FVBomb","pm2","c(-13654579.2182781"," 6318551.32675895)",121531.780677308,201840.899976059,59.4362921696797,61.2371357779737,60.947156301524,54.6502916066218,0.0611623896946952,0.126490881400462
"PM42","pit_meadows","point","bumble point","Point",49.2569187,-122.6556556,"FVBomb","pm2","c(-13653965.1243071"," 6318568.09284912)",195897.813478733,271965.721801249,65.6183998459671,64.9931346153941,64.9517437505544,71.974735748044,0.219279161405164,0.13364290015929
"PM43","pit_meadows","point","bumble point","Point",49.2568767,-122.6492724,"FVBomb",NA,"c(-13653254.5497335"," 6318560.92930702)",219837.803379724,286947.265649295,70.449217477229,69.9065787986895,69.8114957125912,65.5934590076747,0.383708369467647,0.135136493603831
"PM44","pit_meadows","point","bumble point","Point",49.2567783,-122.6440429,"FVBomb","pm1","c(-13652672.4044564"," 6318544.14617509)",146849.446191854,207525.037481829,57.9560953908269,61.0179959737265,60.8362668850074,54.5601844397539,0.110793855267095,0.104031894015768
"PM45","pit_meadows","point","bumble point","Point",49.2567056,-122.6391672,"FVBomb","pm1","c(-13652129.6440151"," 6318531.74646396)",71691.0705179551,117020.416922128,38.2513763949242,46.2516508044841,45.6472430739548,77.7549771749024,0.0751507834653059,0.0534633961983239
"PM46","pit_meadows","point","bumble point","Point",49.2549194,-122.6483229,"FVBomb","pm1","c(-13653148.851877"," 6318227.09794989)",219113.775392016,288104.683629224,70.6190259086436,68.9826015987529,68.9728976925579,66.448549611333,0.325873636488111,0.140270191943996
"PM47","pit_meadows","point","bumble point","Point",49.2523011,-122.649575,"FVBomb",NA,"c(-13653288.2350114"," 6317780.54906539)",192273.0676792,268764.828084567,71.8897414557138,68.3786406753836,68.3837541806493,76.6235035726158,0.176819032452746,0.143497812058097
"PM48","pit_meadows","point","bumble point","Point",49.2489465,-122.6461739,"FVBomb",NA,"c(-13652909.6262913"," 6317208.45943953)",211121.656801367,292763.371855604,64.1367513565267,62.5291524699914,62.4339611161378,77.0734339838155,0.284274796772705,0.138153162625258
"PM49","pit_meadows","point","bumble point","Point",49.2474187,-122.6406256,"FVBomb","pm4","c(-13652291.9923605"," 6316947.92306777)",299666.346176943,390024.765045229,66.9830817652325,62.4917868253193,62.6190713821298,72.080362972544,0.452298360921779,0.188426627117851
"PM50","pit_meadows","point","bumble point","Point",49.2423129,-122.6387496,"FVBomb","pm4","c(-13652083.1569958"," 6316077.28734868)",304440.541227763,424115.44039572,65.1890728156459,65.8857887521882,65.8734031331869,74.2692466259322,0.318349400828647,0.221085046413824
"PM51","pit_meadows","point","bumble point","Point",49.2454815,-122.6549218,"FVBomb","pm3","c(-13653883.4380648"," 6316617.58313473)",121494.24436423,190838.084188796,62.9036955201889,58.0733814762464,58.0014071264591,67.1163537843971,0.0870658876987991,0.0936076465825636
"PM51A","pit_meadows","point","bumble point","Point",49.2460018,-122.6559901,"FVBomb","pm3","c(-13654002.3606768"," 6316706.30572459)",115464.875277404,178614.490973393,62.541188436193,57.153921118896,57.0233085185332,72.8545994398077,0.109851039981336,0.0848283350072008
"PM52","pit_meadows","point","bumble point","Point",49.24583,-122.65052,"FVBomb",NA,"c(-13653393.9292625"," 6316676.80514626)",118721.381945319,210589.201538684,64.6964643811217,59.3020550493519,59.1754472377085,48.8663259157417,0.0369889418687227,0.127193427551158
"PM52B","pit_meadows","point","bumble point","Point",49.2446602,-122.650246,"FVBomb",NA,"c(-13653362.9303897"," 6316477.53532937)",131672.949186104,224997.184066656,64.3852925300148,60.7909841228918,60.3985508839382,58.8991479637113,0.028338007312707,0.139866164239097
"PM53","pit_meadows","point","bumble point","Point",49.24258,-122.65046,"FVBomb",NA,"c(-13653387.7147691"," 6316123.69371836)",183777.086845081,259689.239834433,64.1200118533838,62.7546622988127,62.6079548118837,65.6611249575015,0.121435889113169,0.124017426962164
"PM54","pit_meadows","point","bumble point","Point",49.2435675,-122.654634,"FVBomb","pm3","c(-13653851.4003153"," 6316291.21209658)",159190.039932451,229584.556866257,61.8139111489361,63.3803399899899,63.3913283062818,68.3416224615048,0.112615125573092,0.12493709037163
"PM54A","pit_meadows","point","bumble point","Point",49.2423594,-122.6557711,"FVBomb","pm3","c(-13653977.9817083"," 6316085.21607425)",181377.872515147,248166.808660204,64.2030261705412,64.2449545535474,64.3308993782211,66.8813064701107,0.21799123714477,0.130251574207743
"PM55","pit_meadows","point","bumble point","Point",49.2423986,-122.6448958,"FVBomb","pm4","c(-13652767.3488501"," 6316091.90008096)",184590.803770982,293377.775195872,65.3734405107713,65.0917051871705,65.1271178026565,69.4477317389412,0.109545546764049,0.152306025809674
"PM56","pit_meadows","point","bumble point","Point",49.2460124,-122.6448772,"FVBomb","pm4","c(-13652765.2783076"," 6316708.11326736)",201081.236639168,310655.417240681,68.3637340040474,62.2523442576497,62.2553240993434,65.3876484071936,0.107101741075278,0.172863911718128
"PM57","pit_meadows","point","bumble point","Point",49.25332,-122.64428,"FVBomb","pm1","c(-13652700.5431372"," 6317955.62816617)",175213.091995175,255558.485031225,65.7595777671712,64.0206999264894,63.8062231366562,60.1237854810953,0.0652614922708646,0.133952854189274
"PM58","pit_meadows","point","bumble point","Point",49.25334,-122.63911,"FVBomb","pm1","c(-13652123.7659432"," 6317963.50556771)",86071.0822896068,163307.29861946,46.0153390172702,53.5778329237907,53.0680605848048,69.693636326724,0.0268928444647294,0.102438630223796
"PM59","pit_meadows","point","bumble point","Point",49.2503146,-122.6390887,"FVBomb",NA,"c(-13652120.9054351"," 6317441.76894599)",192935.788201562,282845.424064142,60.5699532861361,61.2780054877425,61.1043036343243,63.0929753571457,0.0161616776490998,0.149806724295731
"PM60","pit_meadows","point","bumble point","Point",49.2502452,-122.6447183,"FVBomb",NA,"c(-13652747.5896405"," 6317429.93363226)",221354.397340741,302707.234289038,65.6095468881588,62.4650896239667,62.4918755121193,73.0581312019465,0.258137152478421,0.145333774463645
"PM61","pit_meadows","point","bumble point","Point",49.2545201,-122.6668191,"FVBomb","pm2","c(-13655207.8394426"," 6318158.99613675)",77837.8214275251,117014.407228461,65.8862529643894,62.6684496100135,66.4922529481551,72.6931033502968,0.0797760671798461,0.0537045037089255
"PM62","pit_meadows","point","bumble point","Point",49.2485683,-122.6669971,"FVBomb",NA,"c(-13655227.654312"," 6317143.9640848)",74882.4952377877,116570.552564337,65.1768524826304,65.9568419314393,65.6364070293606,72.3532764886365,0.0827813897820288,0.0577972326627866
"PM63","pit_meadows","point","bumble point","Point",49.2459944,-122.6670193,"FVBomb","pm3","c(-13655230.1256047"," 6316705.04385533)",95577.8733167773,141929.322606172,64.6569692380144,62.586242416768,62.6497775037429,75.1620794924585,0.0827061568110356,0.0722729516916327
"PM64","pit_meadows","point","bumble point","Point",49.2423796,-122.6669693,"FVBomb","pm3","c(-13655224.5596301"," 6316088.66038317)",128127.745290213,177614.955508567,64.2977341667394,64.0711765692767,64.2839419988808,74.654034289901,0.152943801761869,0.0852203064585604
"PM65","pit_meadows","point","bumble point","Point",49.2547515,-122.6556663,"FVBomb","pm2","c(-13653966.3154257"," 6318198.46203397)",139985.609328388,218686.894797946,68.4815984129587,67.5464238376011,67.6213911718651,72.0677329801187,0.0744768813249803,0.131787725101627
"PM66","pit_meadows","point","bumble point","Point",49.2513562,-122.6558452,"FVBomb","pm2","c(-13653986.2304826"," 6317619.40297333)",100103.082739727,162111.206919573,61.2486859275242,62.6938634351313,62.3795577850647,76.7291310734752,0.105195094986459,0.0775171751202139
"PM67","pit_meadows","point","bumble point","Point",49.2483307,-122.6559418,"FVBomb",NA,"c(-13653996.9839454"," 6317103.44583858)",102120.053965054,154620.742750537,60.5336284366016,54.6422573598598,56.4703370233782,72.2900623778818,0.125397461318836,0.0625133811816287
"PM69","pit_meadows","point","bumble point","Point",49.2422281,-122.6613406,"FVBomb","pm3","c(-13654597.9756123"," 6316062.82810064)",142101.82192739,207065.090130619,62.2942199559629,60.9656270280467,60.9095954015209,65.791870102906,0.128888776182989,0.111059787622556
"PM70","pit_meadows","point","bumble point","Point",49.2451356,-122.638063,"FVBomb","pm4","c(-13652006.7250334"," 6316558.60009678)",342605.565273828,449266.301275621,65.036144830466,62.9513867285557,62.8561943464024,64.9953032021551,0.427073930197884,0.219089908726191
"PM71","pit_meadows","point","bumble point","Point",49.25134,-122.6668765,"FVBomb","pm2","c(-13655214.2291814"," 6317616.64020343)",69617.6236072306,105219.564025131,68.2827990643855,67.7582913866681,67.8168070137416,74.8610739547819,0.0825586643743566,0.0507500073965226
"PM72","pit_meadows","point","bumble point","Point",49.2510605,-122.6428302,"FVBomb",NA,"c(-13652537.4073099"," 6317568.97403833)",196239.409029942,284427.974459149,69.1650681263015,61.7694043729189,61.8661274388433,67.0792549388569,0.03333400951386,0.152115363569962
"PM72A","pit_meadows","point","bumble point","Point",49.2512671,-122.6436402,"FVBomb",NA,"c(-13652627.5760975"," 6317604.20775009)",198582.850364454,284222.157980587,68.8491901613143,61.2960750034942,61.3563523798617,67.7519455249326,0.0504728821724689,0.149695257442962
"SD01","south_delta","point","bumble point","Point",49.0630333,-123.0765727,"FVBomb",NA,"c(-13700821.4015453"," 6285563.60195657)",159338.231654789,224670.635153491,68.4923235445985,66.0976774670499,66.098169841909,58.8726713408709,0.0826452987118369,0.118562529069268
"SD02","south_delta","point","bumble point","Point",49.062963,-123.07138,"FVBomb",NA,"c(-13700243.3528255"," 6285551.6584033)",117433.272420241,187659.965675145,62.5291015091173,68.3047050513742,68.0262414039076,58.0471834399622,0.027978270683175,0.116124266472905
"SD03","south_delta","point","bumble point","Point",49.0601615,-123.0764268,"FVBomb","sd3","c(-13700805.1600316"," 6285075.71391164)",201522.218816495,257895.733363311,62.1115466250381,64.6531549887256,64.4980861352981,51.6601336482869,0.428004037678234,0.119732251446445
"SD04","south_delta","point","bumble point","Point",49.0600315,-123.0713156,"FVBomb",NA,"c(-13700236.1838503"," 6285053.62897173)",166435.113060786,232197.982634254,58.4871382746138,61.4428663438513,60.7676821485453,51.4577621373741,0.233000304290496,0.111539309468115
"SD06","south_delta","point","bumble point","Point",49.0602283,-123.0635157,"FVBomb","sd4","c(-13699367.902954"," 6285087.06219554)",174557.317851812,251877.491059018,59.1875992866297,59.9270982283426,59.6472199895656,50.2422083469634,0.175168860672197,0.131167499190381
"SD08","south_delta","point","bumble point","Point",49.0684202,-123.0638309,"FVBomb","sd1","c(-13699402.9908575"," 6286478.85458884)",102619.418974792,153935.498218497,70.4467283135261,67.4152943339099,67.5073151829249,66.1064745869079,0.0772343910862719,0.0835826336805511
"SD09","south_delta","point","bumble point","Point",49.0661823,-123.0625536,"FVBomb","sd1","c(-13699260.8024719"," 6286098.6157193)",109745.191938904,169568.306801713,68.0212507262155,68.25391599352,68.1682277249329,73.257501512185,0.0780746059757804,0.0808706103319841
"SD10","south_delta","point","bumble point","Point",49.0685654,-123.0832968,"FVBomb","sd2","c(-13701569.9249334"," 6286503.52593603)",108701.780838254,161025.367758335,72.1422118246163,71.3576514409108,71.52934869232,66.3995837286869,0.0878433202158303,0.0923897102565946
"SD12","south_delta","point","bumble point","Point",49.068873,-123.076562,"FVBomb","sd2","c(-13700820.2104268"," 6286555.79136973)",131235.381279117,183388.181925557,70.8502736329197,70.6964813144246,70.6243022886643,75.5741940041612,0.15032232213955,0.0971412046757729
"SD12A","south_delta","point","bumble point","Point",49.0684582,-123.0779675,"FVBomb","sd2","c(-13700976.6699711"," 6286485.31127054)",133764.089035211,186789.194725292,70.0301709838179,70.7056088208208,70.6553039778534,76.2249039749345,0.116767074382848,0.0960913482093776
"SD13","south_delta","point","bumble point","Point",49.0671224,-123.0772778,"FVBomb","sd2","c(-13700899.8929183"," 6286258.34488192)",137244.874668598,190596.639373347,70.5142373922769,70.9308942796867,70.9293216110687,70.7213824649145,0.106190920524159,0.0912518001998472
"SD14","south_delta","point","bumble point","Point",49.06646,-123.07694,"FVBomb",NA,"c(-13700862.2891943"," 6286145.79845816)",138784.831891472,193130.959265502,71.0602485930981,70.794375110598,70.7596927013461,69.7717610695859,0.148305557527869,0.0881038321145823
"SD15","south_delta","point","bumble point","Point",49.0660259,-123.0780986,"FVBomb","sd2","c(-13700991.2639563"," 6286072.04262558)",140345.444504391,196360.133465738,70.606468169627,70.3959618118697,70.369106837513,75.6065232329326,0.162573917982736,0.090482913604409
"SD16","south_delta","point","bumble point","Point",49.068321,-123.071021,"FVBomb",NA,"c(-13700203.3891283"," 6286461.99927465)",96569.920962495,146340.91585192,68.2907831082263,70.2174756462828,70.1266699587752,73.1962977205227,0.0712778797683405,0.0733658375814091
"SD18","south_delta","point","bumble point","Point",49.0670435,-123.0716498,"FVBomb",NA,"c(-13700273.3868241"," 6286244.9391377)",102301.119739789,155018.007292847,71.5944046773709,70.878548441555,70.7812241021012,85.8648852858367,0.0933718748415234,0.0725218609039838
"SD18A","south_delta","point","bumble point","Point",49.0661981,-123.0714527,"FVBomb",NA,"c(-13700251.4457525"," 6286101.30021807)",100594.696860472,156138.567208138,71.7256793099237,67.7408045923451,70.544180382019,73.1040807692857,0.080310184457304,0.0682566354564588
"SD19","south_delta","point","bumble point","Point",49.0661604,-123.0667177,"FVBomb","sd1","c(-13699724.3479635"," 6286094.89480152)",82766.8558162153,138533.712027216,69.9771076265327,70.8491269195757,70.7723793445076,61.4962282164722,0.0574702149997718,0.0538453365027333
"SD22","south_delta","point","bumble point","Point",49.0684855,-123.0576856,"FVBomb","sd1","c(-13698718.8991908"," 6286489.94988964)",151495.273560329,201457.733328373,69.5125552985499,63.4544151118271,63.3512583897318,58.0382173904967,0.216805878862568,0.0955423698187732
"SD24","south_delta","point","bumble point","Point",49.0659931,-123.0585976,"FVBomb","sd1","c(-13698820.4225664"," 6286066.46976232)",152084.424868288,212827.644633545,63.4613026651579,63.2075925906092,63.0432626302495,66.6785817654542,0.198597242155764,0.0979784274395588
"SD25","south_delta","point","bumble point","Point",49.058024,-123.0639996,"FVBomb","sd4","c(-13699421.7704556"," 6284712.5938676)",184728.818754754,261881.858906481,64.3131731367154,63.3934238565795,63.3343316112408,73.9255598795137,0.163822439054077,0.143555381223196
"SD26","south_delta","point","bumble point","Point",49.0584528,-123.0671996,"FVBomb","sd4","c(-13699777.9928262"," 6284785.43746922)",161497.905865709,232936.875302767,61.7017205786741,63.0866930268746,63.0485000487914,54.5977765932233,0.148354379025306,0.10903226996855
"SD26A","south_delta","point","bumble point","Point",49.0579001,-123.0671803,"FVBomb","sd4","c(-13699775.84436"," 6284691.54612492)",159263.128413339,231340.480965351,62.9720404093475,63.0685034998622,62.9911013512753,56.3123517041896,0.0724703090295033,0.107603218024705
"SD27","south_delta","point","bumble point","Point",49.0571951,-123.0749858,"FVBomb","sd3","c(-13700644.7486454"," 6284571.78393878)",170165.446748674,231224.104572447,59.6227465111547,62.6119772525163,62.8676977215605,72.1033950055559,0.140592582823113,0.111696247439498
"SD28","south_delta","point","bumble point","Point",49.0591039,-123.0736393,"FVBomb",NA,"c(-13700494.856951"," 6284896.04610786)",190797.761450253,251044.482250141,58.113313591526,60.9328218088071,60.4455838117403,48.3675349720204,0.260811359026369,0.111355498265608
"SD29","south_delta","point","bumble point","Point",49.0565225,-123.072036,"FVBomb",NA,"c(-13700316.3784114"," 6284457.52730025)",138130.069139602,207079.008647614,64.205593008287,62.91901725702,65.5327289636638,58.0565156019497,0.016665398757449,0.124037772356115
"SD30","south_delta","point","bumble point","Point",49.0566301,-123.0652652,"FVBomb","sd4","c(-13699562.6564032"," 6284475.80554057)",158986.618525313,234029.361437071,64.4179120315478,62.9393751547076,62.8835067468284,65.2966209312012,0.0876962487635377,0.117728573714528
"SD31","south_delta","point","bumble point","Point",49.0640204,-123.0645671,"FVBomb",NA,"c(-13699484.9442666"," 6285731.30617936)",92269.8677585615,164579.64448551,65.93420742619,65.4248212474796,65.2872379648544,61.7542172441741,0.0251128353364775,0.101538228578082
"SD31A","south_delta","point","bumble point","Point",49.064769,-123.0634545,"FVBomb",NA,"c(-13699361.0902012"," 6285858.49245598)",98173.4180593938,167739.956494123,66.3397796420629,66.1773635279158,66.2812007058889,70.9236957672641,0.0371065323116401,0.101202233633083
"SD33","south_delta","point","bumble point","Point",49.0621255,-123.0644495,"FVBomb",NA,"c(-13699471.8530945"," 6285409.37341743)",122085.220838568,201042.442916468,58.6208409248411,62.9974848215238,62.7093969796862,61.8648516683036,0.020817168966444,0.111012633422069
"SD33A","south_delta","point","bumble point","Point",49.0623307,-123.0634753,"FVBomb",NA,"c(-13699363.4056466"," 6285444.23514085)",126258.676732291,206116.992878708,59.0226753670441,63.1606357842992,63.0952043254587,56.8422289889411,0.022690273206307,0.115375377496215
"SD35","south_delta","point","bumble point","Point",49.0660753,-123.0832934,"FVBomb","sd2","c(-13701569.5464471"," 6286080.4359083)",107935.215262853,162983.509583405,74.7114912154142,70.4268025925184,70.3809306754205,70.6932780367031,0.0617355321608958,0.0817849838439321
"SD36","south_delta","point","bumble point","Point",49.0597409,-123.0816311,"FVBomb","sd3","c(-13701384.5000575"," 6285004.26084571)",151249.118559185,216649.259156171,61.1542924440877,64.3334134702408,64.0481511797676,65.9140630219343,0.124512513629333,0.114496883676778
"SD37","south_delta","point","bumble point","Point",49.0602593,-123.058988,"FVBomb","sd4","c(-13698863.8816956"," 6285092.3286199)",237048.916410928,315019.97520955,56.1695727182133,58.7614036928536,58.0672822574926,46.2990890002676,0.318490233067608,0.143123914790409
"SD39","south_delta","point","bumble point","Point",49.0682854,-123.0740915,"FVBomb","sd2","c(-13700545.1956248"," 6286455.95039993)",119229.7346051,171096.269271203,67.9530651482592,70.7510735074562,70.6873913387574,62.2390999873004,0.0864191896140778,0.0895502446044813
"SD40","south_delta","point","bumble point","Point",49.0664297,-123.0753682,"FVBomb","sd2","c(-13700687.3172187"," 6286140.65031071)",132546.567276495,187134.082541763,70.981688486987,71.4610809469798,71.4621299398793,76.8504332579777,0.156207837528024,0.0842855711279401
"SD41","south_delta","point","bumble point","Point",49.063233,-123.0672923,"FVBomb",NA,"c(-13699788.312143"," 6285597.52989495)",91804.9955902153,163596.777317435,62.5530398951971,66.8807801880589,66.7500137701385,63.092964125639,0.0102567744422689,0.0833746370942343
"W01","westham_island","point","bumble point","Point",49.0878415,-123.1662845,"FVBomb","westham3","c(-13710808.0734395"," 6289779.42354701)",55511.2715671809,88257.6462505955,61.0076772247016,61.21786028107,61.206458098264,59.1977233996561,0.0320852868829308,0.0413713573201657
"W02","westham_island","point","bumble point","Point",49.0898095,-123.1642782,"FVBomb","westham3","c(-13710584.7331451"," 6290113.94897031)",77440.5762351413,109996.833099077,64.1334514710505,62.9244211317355,62.797440965282,75.2299841290497,0.117018201366244,0.0459300803030911
"W05","westham_island","point","bumble point","Point",49.0901064,-123.1603994,"FVBomb",NA,"c(-13710152.9471042"," 6290164.41790505)",73660.6792578478,109883.147510797,68.4883561648639,64.6537970524542,64.2583439318707,73.4898115016323,0.0877547087521427,0.0521125428078237
"W06","westham_island","point","bumble point","Point",49.0903677,-123.1541834,"FVBomb",NA,"c(-13709460.9851494"," 6290208.83557694)",78963.1502098227,117530.710307064,62.5706646520839,60.8050429360183,62.9181531288327,78.6065563778653,0.0971556113979846,0.0538880260961985
"W08","westham_island","point","bumble point","Point",49.0864691,-123.1526511,"FVBomb",NA,"c(-13709290.4102937"," 6289546.14750643)",94715.891086417,127454.538143698,66.2116567249872,69.0094267181116,68.9628555677609,70.2250739284823,0.160875285082261,0.0586946314973588
"W09","westham_island","point","bumble point","Point",49.0889519,-123.1512088,"FVBomb",NA,"c(-13709129.8541921"," 6289968.17040778)",88806.2542556383,124147.883904618,67.362530554407,64.978065892425,64.9184097995564,65.9610713878466,0.0772484089353178,0.0533232239411796
"W10","westham_island","point","bumble point","Point",49.0877613,-123.1628726,"FVBomb","westham3","c(-13710428.2624688"," 6289765.79123726)",57564.8337627383,88927.5617705068,60.974500690234,63.3510062177889,63.2254346630172,62.9362195894215,0.023334601242551,0.0382863077942601
"W11","westham_island","point","bumble point","Point",49.085613,-123.1649155,"FVBomb","westham3","c(-13710655.6770566"," 6289400.63370802)",50630.6122541182,96395.1853276788,60.3056723479048,62.8875801878921,62.4338967148739,65.1607227732754,0.0242368609233235,0.0374408141676385
"W12","westham_island","point","bumble point","Point",49.0840043,-123.1535249,"FVBomb",NA,"c(-13709387.6812647"," 6289127.20509231)",97207.6181567407,133417.814776368,72.9279991726827,73.5085347317634,73.5610235191522,70.526425006502,0.123301148119599,0.0663619989031706
"W13","westham_island","point","bumble point","Point",49.0821,-123.1561427,"FVBomb",NA,"c(-13709679.0934277"," 6288803.54518313)",97718.5447511191,136959.766132681,75.6530455414122,72.7574490810546,72.9359297468786,70.9155553066017,0.134122778101783,0.0625751834069485
"W14","westham_island","point","bumble point","Point",49.0825662,-123.1491034,"FVBomb","westham4","c(-13708895.4821362"," 6288882.78063181)",84986.1501470038,124544.362578776,68.771715297125,67.2977588194937,67.3154269239243,72.915965112019,0.0413536694851207,0.0736253391096913
"W15","westham_island","point","bumble point","Point",49.081127,-123.150026,"FVBomb","westham4","c(-13708998.1854984"," 6288638.17629754)",91278.3392535071,130844.274663293,65.9822480443582,64.5128030927924,64.5979294936337,65.5101607946677,0.0680731292948246,0.0702157984989867
"W15A","westham_island","point","bumble point","Point",49.0798526,-123.1470765,"FVBomb","westham4","c(-13708669.8486603"," 6288421.58704826)",88163.07065609,139781.853026727,46.4568168945557,52.0557815585977,51.5640158856177,55.5971991713724,0.0934760009128021,0.0549796606686291
"W16","westham_island","point","bumble point","Point",49.080608,-123.1570558,"FVBomb","westham4","c(-13709780.7392548"," 6288549.969553)",105424.901686836,167663.339914704,73.5833141846064,69.8389457831358,72.5942777110496,75.7846370415217,0.184034363494366,0.0560555092857993
"W17","westham_island","point","bumble point","Point",49.0785706,-123.1520317,"FVBomb","westham4","c(-13709221.4590011"," 6288203.71175659)",101966.646452985,168613.027557772,62.6624963706034,62.2811771774367,62.6657277246725,72.3917566572141,0.0875162311313098,0.0632770047474058
"W17A","westham_island","point","bumble point","Point",49.0774536,-123.1492915,"FVBomb","westham4","c(-13708916.4213324"," 6288013.88272106)",111160.830965539,183971.542376361,42.6110286485151,51.7090167517561,51.1209320639526,60.0711950518972,0.115836929677318,0.0902609191932142
"W18","westham_island","point","bumble point","Point",49.0821167,-123.1545951,"FVBomb","westham4","c(-13709506.8153838"," 6288806.38350575)",100552.159098067,136891.87328824,77.0134885089215,72.601306353428,72.9957165401642,71.2021591744789,0.11727656294373,0.0648849691543618
"W18A","westham_island","point","bumble point","Point",49.0811246,-123.1523551,"FVBomb","westham4","c(-13709257.4597244"," 6288637.76840296)",98782.7889738398,137795.790587278,72.6058158968925,68.5806668262338,68.9267583164687,64.9555937657011,0.0490984250970049,0.068137183006014
"W19","westham_island","point","bumble point","Point",49.0892561,-123.1465705,"FVBomb","westham1","c(-13708613.520998"," 6290019.87935319)",78683.6171788259,130070.906484164,69.4828586783602,69.169061142834,69.2744468515142,61.1405398075117,0.0281568710981281,0.0667077075082458
"W20","westham_island","point","bumble point","Point",49.0868017,-123.1425898,"FVBomb","westham1","c(-13708170.391501"," 6289602.68116915)",68139.9137724716,119538.078617344,63.6628179023984,64.0061728529291,63.7625627821897,70.726829878744,0.0740479655954114,0.0563757287551529
"W21","westham_island","point","bumble point","Point",49.090392,-123.1427507,"FVBomb","westham1","c(-13708188.302807"," 6290212.96627931)",124315.599349173,225557.944857393,73.0980102568475,70.2744410562789,70.3704233517146,NA,NA,0.104685250725733
"W22","westham_island","point","bumble point","Point",49.0930151,-123.1427507,"FVBomb","westham1","c(-13708188.302807"," 6290658.87304088)",216116.366153313,371056.588714995,74.5021445814221,67.3290074808914,70.7075314914811,65.5309585240095,0.133912902342284,0.191062501093566
"W22A","westham_island","point","bumble point","Point",49.0934507,-123.1427829,"FVBomb","westham1","c(-13708191.8872946"," 6290732.92396119)",233651.310228302,398991.086069589,73.1586615321598,70.0723676583422,70.0386356097455,61.6172797785875,0.113470033625635,0.198874297032122
"W23","westham_island","point","bumble point","Point",49.0910268,-123.1399612,"FVBomb","westham1","c(-13707877.7770875"," 6290320.87522065)",237427.588837963,394386.27365365,74.5233916512588,69.3899037046366,69.6151886445344,69.3891318957997,0.137001308542041,0.215479606889143
"W23A","westham_island","point","bumble point","Point",49.0903348,-123.1392907,"FVBomb","westham1","c(-13707803.1373689"," 6290203.24298311)",226002.009458961,381398.133984086,74.7064777216975,66.6259242095255,66.6464803891791,73.6470804559357,0.130094783124648,0.208114930498669
"W24","westham_island","point","bumble point","Point",49.0920602,-123.1542973,"FVBomb","westham2","c(-13709473.6644394"," 6290496.54468112)",77313.9880534238,126466.000498744,57.6707851445463,63.3557641543656,62.9970687488954,58.729227377179,0.0602816558565046,0.06722231700206
"W25","westham_island","point","bumble point","Point",49.09466,-123.15417,"FVBomb","westham2","c(-13709459.4934682"," 6290938.50536974)",106538.967960535,186442.976830167,71.2678269093222,65.6220607846364,65.0686529951459,63.0919374133247,0.0225120826846128,0.0919828645266421
"W26","westham_island","point","bumble point","Point",49.0997928,-123.1571369,"FVBomb","westham2","c(-13709789.7672655"," 6291811.13884905)",314199.622255509,494731.689910949,70.2337716212544,68.2131345451493,67.967624478581,66.5946501011433,0.373038129383307,0.248517410289087
"W28","westham_island","point","bumble point","Point",49.0950509,-123.1575017,"FVBomb","westham2","c(-13709830.3766157"," 6291004.95957289)",115359.857375496,203082.262241413,66.797491981213,65.3263340566967,65.0112323493597,63.0925761945802,0.0355907620216445,0.126275358398702
"W29","westham_island","point","bumble point","Point",49.0982632,-123.15295,"FVBomb","westham2","c(-13709323.6836895"," 6291551.08028095)",259178.570574644,436146.199694587,67.9669806630051,66.1884272574942,66.198627565193,66.3666585970594,0.169202292205487,0.222820428233358
"W30","westham_island","point","bumble point","Point",49.0955023,-123.1490957,"FVBomb","westham2","c(-13708894.6249761"," 6291081.69961331)",180673.67033575,301320.507778612,61.3149416733884,68.4921273595167,67.7070546576102,66.913880427693,0.246733418548502,0.13146357625796
"W31","westham_island","point","bumble point","Point",49.0881977,-123.1485244,"FVBomb",NA,"c(-13708831.028151"," 6289839.97030601)",83207.2018052556,120240.719637018,70.2927707328468,67.3115407252881,67.33993138739,71.6915453882803,0.085304066904355,0.0576231489539413
"W32","westham_island","point","bumble point","Point",49.0861264,-123.1586962,"FVBomb","westham3","c(-13709963.3477475"," 6289487.89749298)",59673.7973771984,100016.798060328,66.8164262347336,69.396654781365,69.2382560534131,63.0929753571457,0.0150078868753265,0.0638233430046467
"W33","westham_island","point","bumble point","Point",49.0913947,-123.1468827,"FVBomb",NA,"c(-13708648.274943"," 6290383.41476133)",92294.8257353052,162672.541697089,68.5915985492978,68.0942170208937,70.4554059779644,60.0470818007134,0.0651854181036232,0.0793573493397604
"W34","westham_island","point","bumble point","Point",49.0937647,-123.1504778,"FVBomb","westham2","c(-13709048.4796443"," 6290786.30358591)",111847.331960585,186036.587972804,65.6430578529968,68.8496708509315,71.7282489913936,61.6969848350133,0.0432698890866767,0.0738271971921668
"W35","westham_island","point","bumble point","Point",49.093808,-123.1446511,"FVBomb",NA,"c(-13708399.8543673"," 6290793.66456065)",183841.727338357,329406.136780206,69.5355996332193,71.3332695939392,70.7987819479522,64.3875554186035,0.0374885891064002,0.15870535501255
"W35A","westham_island","point","bumble point","Point",49.09449,-123.145,"FVBomb",NA,"c(-13708438.6937377"," 6290909.60500978)",202298.93811559,361118.483439994,67.2497067353446,68.5248099525031,68.5135189743635,66.8049889630306,0.0227906646516487,0.175626069110891
"W36","westham_island","point","bumble point","Point",49.092445,-123.1586349,"FVBomb",NA,"c(-13709956.5238627"," 6290561.95843562)",79452.0464971197,136687.694865687,65.7505010722042,64.7871251178939,64.5292274468778,73.3037573782912,0.0472601871339098,0.0616640662845983
"W40","westham_island","point","bumble point","Point",49.08376,-123.16044,"FVBomb",NA,"c(-13710157.4666755"," 6289085.68251848)",64022.5328717021,108744.353816403,64.140095001019,66.5409916522419,66.3104346092255,58.0209015849768,0.0180540200622762,0.0540910468323067
"HR14A","harvey_road","point","bumble point","Point",49.15902,-122.71826,"FVBomb","hr2","c(-13660933.3113974"," 6301886.07145598)",133063.44274634,241423.505268331,72.5475277733507,72.9877006792387,72.7325887415893,72.6754694149277,0.0388848873423757,0.108385869819375
"W07","westham_island","point","bumble point","Point",49.08895,-123.15287,NA,NA,"c(-13708762.0892827"," 6289696.8559235)",80572.7862040393,116798.644883693,72.2058266223332,65.0792963172544,65.1816221095058,70.5761971861622,0.0816681543392705,0.0579483083900429
"ED35","east_delta","point","bumble point","Point",49.10482,-122.9349,"FVBomb","eastdelta1","c(-13685047.8427973"," 6292651.72080069)",103689.446683707,148344.723310461,64.2794814275923,63.0208508494184,62.8820675283545,77.3373335010603,0.095262490489475,0.0775683809354143
"ED34","east_delta","point","bumble point","Point",49.10282,-122.93492,"FVBomb","eastdelta1","c(-13685054.3017647"," 6292327.96505925)",100791.644881289,145618.545325206,62.7527792464018,64.6035788700315,64.2769411476483,73.1608151302916,0.0812647724160318,0.0749623732692579
"ED01A","east_delta","point","bumble point","Point",49.09474,-122.94795,"FVBomb","eastdelta3","c(-13686504.7459368"," 6290952.5294535)",100573.569739154,154912.277861004,59.2838054893944,55.4121831311659,55.4331065155619,65.1812786114036,0.0306712376006654,0.0842790977034111
"ED15A","east_delta","point","bumble point","Point",49.09073,-122.94606,"FVBomb","eastdelta3","c(-13686291.9074105"," 6290269.5621539)",152517.066562941,206059.216543919,59.8654007579841,55.7112915402455,55.6421611417475,51.4583924429346,0.235522625730905,0.0926607246986785
"ED16A","east_delta","point","bumble point","Point",49.09073,-122.94823,"FVBomb","eastdelta3","c(-13686533.316064"," 6290270.0392461)",152486.941688244,209897.881808163,58.141118697942,57.2224153109731,57.0612097698233,53.2671573712321,0.201761104545293,0.0941727959890054
"ED27B","east_delta","point","bumble point","Point",49.10066,-122.9294,"FVBomb","eastdelta1","c(-13684436.1672326"," 6291960.52296172)",88318.4696540702,136476.404423277,58.0146447107358,60.7662058505861,60.5340017761437,55.2795751010849,0.0665905921136047,0.0821076213069179
"ED19B","east_delta","point","bumble point","Point",49.09746,-122.93066,"FVBomb",NA,"c(-13684578.7283838"," 6291415.5938698)",104468.231471795,161574.98477595,65.0700684269211,64.340663503586,64.5172027900249,75.0905429517336,0.0786223964540554,0.0790957324634489
"ED40","east_delta","point","bumble point","Point",49.0961,-122.93292,"FVBomb","eastdelta4","c(-13684831.7382858"," 6291182.34200686)",113525.863213203,177279.10187469,67.0897016009981,63.4086211961473,63.6489944299546,69.0926077856371,0.0737164533338743,0.0923197811287141
"NR15B","nicomekl_river","point","bumble point","Point",49.08622,-122.75682,"FVBomb","nr1","c(-13665225.6279332"," 6289505.10055859)",136103.299593739,215757.043866168,66.7756756196396,68.0458272331198,67.9212795082214,79.6696028769988,0.0409000547700671,0.124750434870023
"PM68","pitt_meadows","point","bumble point","Point",49.24599,-122.66139,"FVBomb","pm3","c(-13654601.2047907"," 6316705.89547066)",102409.981681527,155906.15381283,59.957338739616,64.5883521929259,64.4065964067228,63.4446153397907,0.0507287535626261,0.0829736346827547
"PM53A","pitt_meadows","point","bumble point","Point",49.24242,-122.65022,"FVBomb",NA,"c(-13653357.7908425"," 6316098.66643887)",187088.718283659,262731.426415176,64.5308052242899,60.8785280691089,60.5919509188343,65.964025860834,0.127462217263414,0.123604059298848
"SD32A","south_delta","point","bumble point","Point",49.06472,-123.0655,"FVBomb",NA,"c(-13699587.694168"," 6285851.03071192)",84175.2541515196,150260.272911819,69.3466981638921,66.7848674028004,67.1058118291676,55.3188599025387,0.0370967660139867,0.0798753734723898
"SD41A","south_delta","point","bumble point","Point",49.06473,-123.06722,"FVBomb",NA,"c(-13699780.1561307"," 6285851.5951165)",80718.0921004703,145013.768605613,69.4306316066466,68.842254016139,68.8370794479055,53.0274584016457,0.0380415764356245,0.0729034279706242
"SD41B","south_delta","point","bumble point","Point",49.06097,-123.06725,"FVBomb",NA,"c(-13699785.8001766"," 6285215.51115167)",134893.940391639,207720.834970094,54.9165605611849,60.4383662903914,60.0326453847802,65.9652069107782,0.0802119782950454,0.09148070596035
"SD42","south_delta","point","bumble point","Point",49.06685,-123.07382,"FVBomb","sd2","c(-13700514.5875941"," 6286211.96744263)",120417.191216408,174192.906651355,69.7309352769785,71.882987226666,71.7586392063936,83.9686768871082,0.106875687847728,0.0808608376147227
"PM52A","pitt_meadows","point","bumble point","Point",49.24595,-122.6502,"FVBomb",NA,"c(-13653361.0421422"," 6316702.30781383)",119859.769203415,212957.990794276,65.7672394876446,59.4415334211066,59.3620739426514,54.7687459624104,0.0377077195348908,0.127055289784487
"PM55A","pit_meadows","point","bumble point","Point",49.24286,-122.64503,"FVBomb","pm4","c(-13652782.1992613"," 6316170.47467761)",182193.83332028,293084.084663659,63.8837048169433,65.2100353940547,65.1583922479347,72.4097713460739,0.117465984410895,0.161049745990713
"PM69A","pitt_meadows","point","bumble point","Point",49.24406,-122.66152,"FVBomb","pm3","c(-13654619.2297906"," 6316376.43048601)",125912.046513131,184841.58970118,64.8152517007907,62.6082304235493,62.5178038190128,65.8390212791275,0.0863935814665862,0.0953742707230146
"PM57A","pitt_meadows","point","bumble point","Point",49.25305,-122.6442,"FVBomb","pm1","c(-13652692.3104641"," 6317909.19602547)",176556.538560879,258227.078969733,66.5490329260859,63.6473625471795,63.5694684930176,60.0694486663125,0.065585993173092,0.136190488915527
"PM58A","pitt_meadows","point","bumble point","Point",49.25307,-122.63921,"FVBomb","pm1","c(-13652134.5828554"," 6317912.6448711)",92558.053123366,173019.305653129,49.7718208674613,52.5105666277306,54.3698955647391,70.4538513684399,0.0274117802188885,0.117348300551981
"ED33","east_delta","point","bumble point","Point",49.09078,-122.95623,"FVBomb","eastdelta3","c(-13687417.0883169"," 6290274.96281119)",212000.493615385,273052.287450372,56.0928955479038,57.605638160081,57.4690590790457,52.7978485039652,0.297371864444602,0.132340389387828
"ED14A","east_delta","point","bumble point","Point",49.09752,-122.93766,"FVBomb",NA,"c(-13685357.3057996"," 6291424.73277299)",118555.081032834,164195.544559664,66.6357956548297,66.6294111320432,66.6063940913799,60.478923857785,0.0937498414759728,0.0756947307608126
"W05A","westham_island","point","bumble point","Point",49.08972,-123.16038,"FVBomb",NA,"c(-13710153.8159512"," 6290101.5382873)",71416.9914957206,106131.751752099,68.227837354423,65.1949167775846,65.159267373559,74.215009232321,0.0833641826618322,0.0513982668041127
"ED17A","east_delta","point","bumble point","Point",49.09505,-122.93495,"FVBomb","eastdelta4","c(-13685058.1418359"," 6291005.95650331)",120541.233654377,187979.748385426,65.076440112766,64.8276376635093,64.688892845049,60.234495996617,0.118868670886076,0.108114685493545
"HR05B","harvey_road","point","bumble point","Point",49.15536,-122.72372,"FVBomb",NA,"c(-13661538.7394685"," 6301272.36864139)",230496.042553035,309335.426451888,63.3808967558576,64.2233375609114,63.9846696469534,62.0830087537632,0.227180290789961,0.144317339146972
"NR09A","nicomekl_river","point","bumble point","Point",49.08506,-122.76623,"FVBomb",NA,"c(-13666269.9522863"," 6289309.53965512)",140703.791918048,201882.494505569,53.1121655503619,59.5856298722801,59.4125975448234,59.2453195479103,0.192609046235299,0.0993807334487923
"SD50","south_delta","point","bombus point","Point",49.0632,-123.08109,"FVBomb",NA,"c(-13701322.4850888"," 6285591.16868037)",133046.466416356,198674.93032866,67.0715227943502,64.5043417715707,64.4435442744155,62.7075275028966,0.0817332562456258,0.107608279674257
